topic_index,variable,variable_role,association_kind,association,association_strength,topic_rank
24,true_age,confounder,spearman,0.4255151468464889,0.4255151468464889,48
30,true_age,confounder,spearman,0.3538123324828288,0.3538123324828288,71
39,true_age,confounder,spearman,0.31966504908741306,0.31966504908741306,29
77,true_age,confounder,spearman,-0.19099136708898481,0.19099136708898481,88
18,true_age,confounder,spearman,0.1556314549135262,0.1556314549135262,80
3,true_age,confounder,spearman,-0.15042041143655582,0.15042041143655582,98
7,true_age,confounder,spearman,0.12815183374294728,0.12815183374294728,67
86,true_age,confounder,spearman,-0.1240281645751629,0.1240281645751629,15
28,true_age,confounder,spearman,0.11712527939410905,0.11712527939410905,20
83,true_age,confounder,spearman,-0.1126089982689845,0.1126089982689845,28
44,true_age,confounder,spearman,-0.10836792610016438,0.10836792610016438,5
69,true_age,confounder,spearman,-0.09436543583221917,0.09436543583221917,40
50,true_age,confounder,spearman,-0.09256661886340208,0.09256661886340208,95
54,true_age,confounder,spearman,0.09102829056879426,0.09102829056879426,81
9,true_age,confounder,spearman,0.09040527090252087,0.09040527090252087,46
4,true_age,confounder,spearman,-0.08993104811340553,0.08993104811340553,86
19,true_age,confounder,spearman,0.08983673914745259,0.08983673914745259,36
0,true_age,confounder,spearman,-0.08553645090727029,0.08553645090727029,41
60,true_age,confounder,spearman,-0.07921999821865595,0.07921999821865595,77
98,true_age,confounder,spearman,-0.0751414826668238,0.0751414826668238,65
42,true_age,confounder,spearman,0.07484870539682967,0.07484870539682967,62
81,true_age,confounder,spearman,-0.07311837730729313,0.07311837730729313,3
65,true_age,confounder,spearman,-0.0696683246201608,0.0696683246201608,37
92,true_age,confounder,spearman,0.06822970404635957,0.06822970404635957,91
25,true_age,confounder,spearman,0.0641231070824909,0.0641231070824909,60
2,true_age,confounder,spearman,-0.06235785242870784,0.06235785242870784,26
70,true_age,confounder,spearman,0.06159365936882637,0.06159365936882637,82
49,true_age,confounder,spearman,0.06074952010479017,0.06074952010479017,38
74,true_age,confounder,spearman,-0.06005998519020433,0.06005998519020433,83
26,true_age,confounder,spearman,0.05851673215114566,0.05851673215114566,69
52,true_age,confounder,spearman,-0.058245371211345376,0.058245371211345376,31
15,true_age,confounder,spearman,0.056512835479868,0.056512835479868,13
31,true_age,confounder,spearman,-0.056407192318838534,0.056407192318838534,44
87,true_age,confounder,spearman,-0.053975083887455325,0.053975083887455325,17
90,true_age,confounder,spearman,-0.05322174347630136,0.05322174347630136,59
63,true_age,confounder,spearman,0.05187451574838792,0.05187451574838792,1
82,true_age,confounder,spearman,-0.05065523091765951,0.05065523091765951,14
68,true_age,confounder,spearman,0.050158888059851886,0.050158888059851886,10
38,true_age,confounder,spearman,0.04846177661720499,0.04846177661720499,66
56,true_age,confounder,spearman,-0.04836033372286734,0.04836033372286734,53
67,true_age,confounder,spearman,0.047141493476509935,0.047141493476509935,51
93,true_age,confounder,spearman,-0.04624239199195478,0.04624239199195478,68
99,true_age,confounder,spearman,0.045847055169690926,0.045847055169690926,78
46,true_age,confounder,spearman,0.04540081497216981,0.04540081497216981,35
12,true_age,confounder,spearman,0.04281960461140306,0.04281960461140306,9
33,true_age,confounder,spearman,0.042102866129064304,0.042102866129064304,47
5,true_age,confounder,spearman,-0.041811365675427925,0.041811365675427925,43
91,true_age,confounder,spearman,-0.039065204010811205,0.039065204010811205,84
43,true_age,confounder,spearman,-0.038911254762813687,0.038911254762813687,25
94,true_age,confounder,spearman,-0.03828346370395271,0.03828346370395271,93
80,true_age,confounder,spearman,0.03721033935443723,0.03721033935443723,61
61,true_age,confounder,spearman,-0.03605927825401692,0.03605927825401692,79
36,true_age,confounder,spearman,0.0347772689095107,0.0347772689095107,72
13,true_age,confounder,spearman,0.033747344557633056,0.033747344557633056,52
84,true_age,confounder,spearman,-0.033136737939237326,0.033136737939237326,90
6,true_age,confounder,spearman,-0.031965244279159456,0.031965244279159456,56
35,true_age,confounder,spearman,-0.03075114300850006,0.03075114300850006,55
55,true_age,confounder,spearman,-0.030516755428189046,0.030516755428189046,89
57,true_age,confounder,spearman,-0.03036661610641485,0.03036661610641485,18
14,true_age,confounder,spearman,-0.030316079755220313,0.030316079755220313,92
64,true_age,confounder,spearman,0.029587689714770517,0.029587689714770517,11
59,true_age,confounder,spearman,0.029431827247938445,0.029431827247938445,2
22,true_age,confounder,spearman,0.02906772596987103,0.02906772596987103,73
41,true_age,confounder,spearman,-0.02817055082333035,0.02817055082333035,50
51,true_age,confounder,spearman,-0.027733443205071585,0.027733443205071585,19
47,true_age,confounder,spearman,0.026331231889335647,0.026331231889335647,54
66,true_age,confounder,spearman,0.025172771628178638,0.025172771628178638,58
21,true_age,confounder,spearman,0.024881393162755682,0.024881393162755682,87
37,true_age,confounder,spearman,0.02434297661701699,0.02434297661701699,64
78,true_age,confounder,spearman,0.023135318485261767,0.023135318485261767,12
71,true_age,confounder,spearman,-0.022785206372673273,0.022785206372673273,7
53,true_age,confounder,spearman,-0.022595422335693408,0.022595422335693408,99
76,true_age,confounder,spearman,0.02144512939522059,0.02144512939522059,100
62,true_age,confounder,spearman,0.020253727403578847,0.020253727403578847,94
75,true_age,confounder,spearman,-0.01984667615213238,0.01984667615213238,16
85,true_age,confounder,spearman,0.0194306474818814,0.0194306474818814,57
97,true_age,confounder,spearman,-0.018968688667100775,0.018968688667100775,74
34,true_age,confounder,spearman,-0.01798555354915634,0.01798555354915634,75
17,true_age,confounder,spearman,0.016663255441154205,0.016663255441154205,63
73,true_age,confounder,spearman,-0.015687349869337598,0.015687349869337598,45
29,true_age,confounder,spearman,0.015324397933358097,0.015324397933358097,49
40,true_age,confounder,spearman,0.014879079904725102,0.014879079904725102,33
10,true_age,confounder,spearman,-0.01414766282730206,0.01414766282730206,42
20,true_age,confounder,spearman,0.013954927205107645,0.013954927205107645,32
32,true_age,confounder,spearman,0.013063271398244881,0.013063271398244881,24
58,true_age,confounder,spearman,-0.012358638967373175,0.012358638967373175,97
11,true_age,confounder,spearman,-0.011542501136064125,0.011542501136064125,96
1,true_age,confounder,spearman,-0.011174091103936313,0.011174091103936313,85
89,true_age,confounder,spearman,0.007924871222791775,0.007924871222791775,76
23,true_age,confounder,spearman,0.007237984664115212,0.007237984664115212,6
27,true_age,confounder,spearman,0.007024069006567629,0.007024069006567629,22
95,true_age,confounder,spearman,-0.006623609207985271,0.006623609207985271,27
88,true_age,confounder,spearman,0.005507192012386102,0.005507192012386102,70
8,true_age,confounder,spearman,-0.0053094980072494686,0.0053094980072494686,39
79,true_age,confounder,spearman,0.003830395071992605,0.003830395071992605,30
96,true_age,confounder,spearman,-0.0038111642424382914,0.0038111642424382914,4
48,true_age,confounder,spearman,0.0036928688267996827,0.0036928688267996827,23
16,true_age,confounder,spearman,0.0019297833482814694,0.0019297833482814694,21
72,true_age,confounder,spearman,0.0017388844437629739,0.0017388844437629739,8
45,true_age,confounder,spearman,0.000813461635269656,0.000813461635269656,34
34,true_baseline_hemoglobin,effect_modifier,spearman,0.4000948675673623,0.4000948675673623,75
61,true_baseline_hemoglobin,effect_modifier,spearman,-0.2598412920575174,0.2598412920575174,79
9,true_baseline_hemoglobin,effect_modifier,spearman,-0.1291332598530485,0.1291332598530485,46
69,true_baseline_hemoglobin,effect_modifier,spearman,0.11003236362721859,0.11003236362721859,40
77,true_baseline_hemoglobin,effect_modifier,spearman,0.09484933776077321,0.09484933776077321,88
52,true_baseline_hemoglobin,effect_modifier,spearman,0.0923901000430672,0.0923901000430672,31
45,true_baseline_hemoglobin,effect_modifier,spearman,-0.0836258120285183,0.0836258120285183,34
23,true_baseline_hemoglobin,effect_modifier,spearman,-0.08180366311489905,0.08180366311489905,6
30,true_baseline_hemoglobin,effect_modifier,spearman,-0.07612170267448372,0.07612170267448372,71
43,true_baseline_hemoglobin,effect_modifier,spearman,0.07454084438929051,0.07454084438929051,25
75,true_baseline_hemoglobin,effect_modifier,spearman,-0.07272419693710784,0.07272419693710784,16
6,true_baseline_hemoglobin,effect_modifier,spearman,0.07197598473991004,0.07197598473991004,56
1,true_baseline_hemoglobin,effect_modifier,spearman,-0.06953935633452979,0.06953935633452979,85
42,true_baseline_hemoglobin,effect_modifier,spearman,-0.06911869120790741,0.06911869120790741,62
63,true_baseline_hemoglobin,effect_modifier,spearman,0.06728590509438243,0.06728590509438243,1
65,true_baseline_hemoglobin,effect_modifier,spearman,-0.06225123122559133,0.06225123122559133,37
36,true_baseline_hemoglobin,effect_modifier,spearman,-0.061613898113077145,0.061613898113077145,72
59,true_baseline_hemoglobin,effect_modifier,spearman,0.06123284991760373,0.06123284991760373,2
72,true_baseline_hemoglobin,effect_modifier,spearman,-0.06118572066279602,0.06118572066279602,8
19,true_baseline_hemoglobin,effect_modifier,spearman,0.06017415838506665,0.06017415838506665,36
60,true_baseline_hemoglobin,effect_modifier,spearman,0.05899077730525652,0.05899077730525652,77
87,true_baseline_hemoglobin,effect_modifier,spearman,0.058671265583184945,0.058671265583184945,17
4,true_baseline_hemoglobin,effect_modifier,spearman,0.057719726681083175,0.057719726681083175,86
70,true_baseline_hemoglobin,effect_modifier,spearman,0.055675842896102674,0.055675842896102674,82
17,true_baseline_hemoglobin,effect_modifier,spearman,-0.05374295605233301,0.05374295605233301,63
35,true_baseline_hemoglobin,effect_modifier,spearman,-0.050983004208091785,0.050983004208091785,55
8,true_baseline_hemoglobin,effect_modifier,spearman,-0.04985819651368703,0.04985819651368703,39
71,true_baseline_hemoglobin,effect_modifier,spearman,-0.04909392901475662,0.04909392901475662,7
37,true_baseline_hemoglobin,effect_modifier,spearman,-0.047958533659650825,0.047958533659650825,64
68,true_baseline_hemoglobin,effect_modifier,spearman,0.045884246004065835,0.045884246004065835,10
26,true_baseline_hemoglobin,effect_modifier,spearman,-0.04542793339845037,0.04542793339845037,69
82,true_baseline_hemoglobin,effect_modifier,spearman,0.043302147256567745,0.043302147256567745,14
90,true_baseline_hemoglobin,effect_modifier,spearman,0.04270866176957291,0.04270866176957291,59
55,true_baseline_hemoglobin,effect_modifier,spearman,0.042563333924888314,0.042563333924888314,89
94,true_baseline_hemoglobin,effect_modifier,spearman,0.042555883142432964,0.042555883142432964,93
93,true_baseline_hemoglobin,effect_modifier,spearman,0.04232809234736257,0.04232809234736257,68
3,true_baseline_hemoglobin,effect_modifier,spearman,-0.0420454783537365,0.0420454783537365,98
83,true_baseline_hemoglobin,effect_modifier,spearman,0.04149078011628538,0.04149078011628538,28
81,true_baseline_hemoglobin,effect_modifier,spearman,0.041308257283320465,0.041308257283320465,3
10,true_baseline_hemoglobin,effect_modifier,spearman,0.040888687889386835,0.040888687889386835,42
32,true_baseline_hemoglobin,effect_modifier,spearman,0.03889561031007621,0.03889561031007621,24
14,true_baseline_hemoglobin,effect_modifier,spearman,-0.03743923218641163,0.03743923218641163,92
53,true_baseline_hemoglobin,effect_modifier,spearman,-0.037162556434939924,0.037162556434939924,99
12,true_baseline_hemoglobin,effect_modifier,spearman,0.03596025773071112,0.03596025773071112,9
66,true_baseline_hemoglobin,effect_modifier,spearman,-0.035934672640605965,0.035934672640605965,58
20,true_baseline_hemoglobin,effect_modifier,spearman,-0.035491738834730065,0.035491738834730065,32
48,true_baseline_hemoglobin,effect_modifier,spearman,-0.034308838595752546,0.034308838595752546,23
24,true_baseline_hemoglobin,effect_modifier,spearman,0.03298503658924268,0.03298503658924268,48
0,true_baseline_hemoglobin,effect_modifier,spearman,-0.0324289070993877,0.0324289070993877,41
79,true_baseline_hemoglobin,effect_modifier,spearman,0.03234059255556603,0.03234059255556603,30
97,true_baseline_hemoglobin,effect_modifier,spearman,-0.03215205723615428,0.03215205723615428,74
54,true_baseline_hemoglobin,effect_modifier,spearman,-0.031157277201758777,0.031157277201758777,81
91,true_baseline_hemoglobin,effect_modifier,spearman,-0.02768288885204095,0.02768288885204095,84
2,true_baseline_hemoglobin,effect_modifier,spearman,0.026934580647832513,0.026934580647832513,26
76,true_baseline_hemoglobin,effect_modifier,spearman,-0.02578604940041004,0.02578604940041004,100
84,true_baseline_hemoglobin,effect_modifier,spearman,0.02484052989151757,0.02484052989151757,90
44,true_baseline_hemoglobin,effect_modifier,spearman,0.024541899444460464,0.024541899444460464,5
96,true_baseline_hemoglobin,effect_modifier,spearman,-0.02335963555973006,0.02335963555973006,4
85,true_baseline_hemoglobin,effect_modifier,spearman,-0.022974843659158705,0.022974843659158705,57
99,true_baseline_hemoglobin,effect_modifier,spearman,-0.022946141492111206,0.022946141492111206,78
47,true_baseline_hemoglobin,effect_modifier,spearman,0.022269113755390278,0.022269113755390278,54
67,true_baseline_hemoglobin,effect_modifier,spearman,0.021781293705280723,0.021781293705280723,51
46,true_baseline_hemoglobin,effect_modifier,spearman,-0.021506375529413882,0.021506375529413882,35
49,true_baseline_hemoglobin,effect_modifier,spearman,-0.021460387197911608,0.021460387197911608,38
89,true_baseline_hemoglobin,effect_modifier,spearman,0.021428643702975377,0.021428643702975377,76
5,true_baseline_hemoglobin,effect_modifier,spearman,0.02139330033383469,0.02139330033383469,43
64,true_baseline_hemoglobin,effect_modifier,spearman,0.02067618578023221,0.02067618578023221,11
11,true_baseline_hemoglobin,effect_modifier,spearman,-0.019957298488397227,0.019957298488397227,96
33,true_baseline_hemoglobin,effect_modifier,spearman,-0.019910829826155895,0.019910829826155895,47
31,true_baseline_hemoglobin,effect_modifier,spearman,-0.019615170437562463,0.019615170437562463,44
22,true_baseline_hemoglobin,effect_modifier,spearman,-0.018655233251509713,0.018655233251509713,73
80,true_baseline_hemoglobin,effect_modifier,spearman,-0.01841002140813801,0.01841002140813801,61
57,true_baseline_hemoglobin,effect_modifier,spearman,-0.018092556626246623,0.018092556626246623,18
39,true_baseline_hemoglobin,effect_modifier,spearman,-0.017454647601955857,0.017454647601955857,29
56,true_baseline_hemoglobin,effect_modifier,spearman,-0.017129659318110117,0.017129659318110117,53
74,true_baseline_hemoglobin,effect_modifier,spearman,-0.016156440852846288,0.016156440852846288,83
98,true_baseline_hemoglobin,effect_modifier,spearman,-0.015229967018944574,0.015229967018944574,65
86,true_baseline_hemoglobin,effect_modifier,spearman,0.01522602580705922,0.01522602580705922,15
58,true_baseline_hemoglobin,effect_modifier,spearman,-0.014850699701586973,0.014850699701586973,97
25,true_baseline_hemoglobin,effect_modifier,spearman,-0.014074903006772187,0.014074903006772187,60
88,true_baseline_hemoglobin,effect_modifier,spearman,-0.013843201760100647,0.013843201760100647,70
13,true_baseline_hemoglobin,effect_modifier,spearman,0.0137013882296355,0.0137013882296355,52
73,true_baseline_hemoglobin,effect_modifier,spearman,0.013319729726950313,0.013319729726950313,45
62,true_baseline_hemoglobin,effect_modifier,spearman,-0.01224166410798555,0.01224166410798555,94
7,true_baseline_hemoglobin,effect_modifier,spearman,0.01155822751458952,0.01155822751458952,67
18,true_baseline_hemoglobin,effect_modifier,spearman,0.010787156740019664,0.010787156740019664,80
28,true_baseline_hemoglobin,effect_modifier,spearman,-0.010694481735882293,0.010694481735882293,20
92,true_baseline_hemoglobin,effect_modifier,spearman,-0.010485660007762349,0.010485660007762349,91
50,true_baseline_hemoglobin,effect_modifier,spearman,-0.00955888650139734,0.00955888650139734,95
95,true_baseline_hemoglobin,effect_modifier,spearman,0.009008143484302704,0.009008143484302704,27
41,true_baseline_hemoglobin,effect_modifier,spearman,-0.00872170387649699,0.00872170387649699,50
29,true_baseline_hemoglobin,effect_modifier,spearman,0.008719659331101578,0.008719659331101578,49
27,true_baseline_hemoglobin,effect_modifier,spearman,0.0074503317694991755,0.0074503317694991755,22
38,true_baseline_hemoglobin,effect_modifier,spearman,0.004127242938277696,0.004127242938277696,66
40,true_baseline_hemoglobin,effect_modifier,spearman,-0.004001413047501955,0.004001413047501955,33
51,true_baseline_hemoglobin,effect_modifier,spearman,-0.003623070635121512,0.003623070635121512,19
78,true_baseline_hemoglobin,effect_modifier,spearman,-0.0033015446508275073,0.0033015446508275073,12
16,true_baseline_hemoglobin,effect_modifier,spearman,0.0026157559122108437,0.0026157559122108437,21
15,true_baseline_hemoglobin,effect_modifier,spearman,0.0024788427670897144,0.0024788427670897144,13
21,true_baseline_hemoglobin,effect_modifier,spearman,-0.00028962102846599605,0.00028962102846599605,87
40,true_baseline_nlr,effect_modifier,spearman,0.15754853315780043,0.15754853315780043,33
29,true_baseline_nlr,effect_modifier,spearman,0.1350095972903472,0.1350095972903472,49
81,true_baseline_nlr,effect_modifier,spearman,-0.10145235517853068,0.10145235517853068,3
13,true_baseline_nlr,effect_modifier,spearman,0.09505251329764468,0.09505251329764468,52
98,true_baseline_nlr,effect_modifier,spearman,-0.08812192822480071,0.08812192822480071,65
31,true_baseline_nlr,effect_modifier,spearman,-0.0805922124343214,0.0805922124343214,44
64,true_baseline_nlr,effect_modifier,spearman,-0.07421302416328066,0.07421302416328066,11
63,true_baseline_nlr,effect_modifier,spearman,-0.07349602566699935,0.07349602566699935,1
21,true_baseline_nlr,effect_modifier,spearman,0.07295692876973829,0.07295692876973829,87
23,true_baseline_nlr,effect_modifier,spearman,0.0633666254050059,0.0633666254050059,6
0,true_baseline_nlr,effect_modifier,spearman,-0.06274170168930573,0.06274170168930573,41
46,true_baseline_nlr,effect_modifier,spearman,-0.06135455642326903,0.06135455642326903,35
70,true_baseline_nlr,effect_modifier,spearman,-0.06055296656336792,0.06055296656336792,82
28,true_baseline_nlr,effect_modifier,spearman,-0.05944115170922395,0.05944115170922395,20
50,true_baseline_nlr,effect_modifier,spearman,-0.05824832800812879,0.05824832800812879,95
82,true_baseline_nlr,effect_modifier,spearman,-0.056467559128697595,0.056467559128697595,14
80,true_baseline_nlr,effect_modifier,spearman,0.056366972390619094,0.056366972390619094,61
71,true_baseline_nlr,effect_modifier,spearman,-0.05583142134424155,0.05583142134424155,7
4,true_baseline_nlr,effect_modifier,spearman,-0.05379871934864376,0.05379871934864376,86
3,true_baseline_nlr,effect_modifier,spearman,0.052422780806397715,0.052422780806397715,98
11,true_baseline_nlr,effect_modifier,spearman,0.05222553880662414,0.05222553880662414,96
2,true_baseline_nlr,effect_modifier,spearman,0.05044090181820696,0.05044090181820696,26
12,true_baseline_nlr,effect_modifier,spearman,0.04987828528192796,0.04987828528192796,9
32,true_baseline_nlr,effect_modifier,spearman,-0.04864068644637304,0.04864068644637304,24
85,true_baseline_nlr,effect_modifier,spearman,-0.046896278249945515,0.046896278249945515,57
72,true_baseline_nlr,effect_modifier,spearman,0.04618882003469171,0.04618882003469171,8
47,true_baseline_nlr,effect_modifier,spearman,-0.04555205456390901,0.04555205456390901,54
87,true_baseline_nlr,effect_modifier,spearman,0.04526718147100574,0.04526718147100574,17
55,true_baseline_nlr,effect_modifier,spearman,-0.04501761019847953,0.04501761019847953,89
27,true_baseline_nlr,effect_modifier,spearman,0.044933744994701465,0.044933744994701465,22
37,true_baseline_nlr,effect_modifier,spearman,-0.04404253612565187,0.04404253612565187,64
59,true_baseline_nlr,effect_modifier,spearman,-0.043475518544439574,0.043475518544439574,2
19,true_baseline_nlr,effect_modifier,spearman,-0.04279828688166883,0.04279828688166883,36
68,true_baseline_nlr,effect_modifier,spearman,0.04257723596812017,0.04257723596812017,10
1,true_baseline_nlr,effect_modifier,spearman,0.04090298716680378,0.04090298716680378,85
79,true_baseline_nlr,effect_modifier,spearman,0.040420419310869544,0.040420419310869544,30
36,true_baseline_nlr,effect_modifier,spearman,0.03999062807904001,0.03999062807904001,72
44,true_baseline_nlr,effect_modifier,spearman,-0.039454897145693946,0.039454897145693946,5
17,true_baseline_nlr,effect_modifier,spearman,-0.038972580411262656,0.038972580411262656,63
78,true_baseline_nlr,effect_modifier,spearman,0.03828583966025273,0.03828583966025273,12
52,true_baseline_nlr,effect_modifier,spearman,0.03531134712242449,0.03531134712242449,31
22,true_baseline_nlr,effect_modifier,spearman,0.03406316556895555,0.03406316556895555,73
35,true_baseline_nlr,effect_modifier,spearman,0.03298986458243039,0.03298986458243039,55
89,true_baseline_nlr,effect_modifier,spearman,0.03295678655614611,0.03295678655614611,76
16,true_baseline_nlr,effect_modifier,spearman,0.0326221970547166,0.0326221970547166,21
66,true_baseline_nlr,effect_modifier,spearman,-0.03209338290437047,0.03209338290437047,58
39,true_baseline_nlr,effect_modifier,spearman,-0.031850456591507585,0.031850456591507585,29
20,true_baseline_nlr,effect_modifier,spearman,0.03179357073568404,0.03179357073568404,32
84,true_baseline_nlr,effect_modifier,spearman,-0.030553170137565592,0.030553170137565592,90
33,true_baseline_nlr,effect_modifier,spearman,0.029227637403312603,0.029227637403312603,47
73,true_baseline_nlr,effect_modifier,spearman,-0.02859346392753238,0.02859346392753238,45
49,true_baseline_nlr,effect_modifier,spearman,0.028336806374561593,0.028336806374561593,38
60,true_baseline_nlr,effect_modifier,spearman,-0.02777352660979575,0.02777352660979575,77
77,true_baseline_nlr,effect_modifier,spearman,-0.02442983755789993,0.02442983755789993,88
92,true_baseline_nlr,effect_modifier,spearman,-0.024079152359191905,0.024079152359191905,91
18,true_baseline_nlr,effect_modifier,spearman,-0.023458548791981688,0.023458548791981688,80
99,true_baseline_nlr,effect_modifier,spearman,0.022559206225624736,0.022559206225624736,78
94,true_baseline_nlr,effect_modifier,spearman,-0.021627007619601752,0.021627007619601752,93
42,true_baseline_nlr,effect_modifier,spearman,-0.02139918651908346,0.02139918651908346,62
75,true_baseline_nlr,effect_modifier,spearman,0.02028691145765115,0.02028691145765115,16
96,true_baseline_nlr,effect_modifier,spearman,-0.019886715369906983,0.019886715369906983,4
86,true_baseline_nlr,effect_modifier,spearman,-0.019781162097953532,0.019781162097953532,15
38,true_baseline_nlr,effect_modifier,spearman,0.018846333991480415,0.018846333991480415,66
51,true_baseline_nlr,effect_modifier,spearman,-0.01829049936521617,0.01829049936521617,19
88,true_baseline_nlr,effect_modifier,spearman,-0.01812827283986725,0.01812827283986725,70
93,true_baseline_nlr,effect_modifier,spearman,0.018008346923597308,0.018008346923597308,68
97,true_baseline_nlr,effect_modifier,spearman,-0.01595403681420617,0.01595403681420617,74
9,true_baseline_nlr,effect_modifier,spearman,-0.015449197269700093,0.015449197269700093,46
90,true_baseline_nlr,effect_modifier,spearman,-0.014634296968987381,0.014634296968987381,59
8,true_baseline_nlr,effect_modifier,spearman,0.01463419117340148,0.01463419117340148,39
7,true_baseline_nlr,effect_modifier,spearman,0.012884548855456882,0.012884548855456882,67
53,true_baseline_nlr,effect_modifier,spearman,0.0128651094118083,0.0128651094118083,99
62,true_baseline_nlr,effect_modifier,spearman,-0.011506790150172839,0.011506790150172839,94
43,true_baseline_nlr,effect_modifier,spearman,0.01150417470919303,0.01150417470919303,25
15,true_baseline_nlr,effect_modifier,spearman,0.011079417804041388,0.011079417804041388,13
76,true_baseline_nlr,effect_modifier,spearman,0.009789564393199496,0.009789564393199496,100
56,true_baseline_nlr,effect_modifier,spearman,-0.009774017589225168,0.009774017589225168,53
5,true_baseline_nlr,effect_modifier,spearman,-0.009419590703152184,0.009419590703152184,43
14,true_baseline_nlr,effect_modifier,spearman,0.009347279037128692,0.009347279037128692,92
25,true_baseline_nlr,effect_modifier,spearman,-0.009147838682013635,0.009147838682013635,60
48,true_baseline_nlr,effect_modifier,spearman,0.009142137096857404,0.009142137096857404,23
95,true_baseline_nlr,effect_modifier,spearman,-0.008308204475289046,0.008308204475289046,27
57,true_baseline_nlr,effect_modifier,spearman,-0.00817356648875841,0.00817356648875841,18
26,true_baseline_nlr,effect_modifier,spearman,-0.00780379485783832,0.00780379485783832,69
24,true_baseline_nlr,effect_modifier,spearman,-0.007454806584936035,0.007454806584936035,48
45,true_baseline_nlr,effect_modifier,spearman,0.007189552346465797,0.007189552346465797,34
34,true_baseline_nlr,effect_modifier,spearman,0.00627820123624876,0.00627820123624876,75
6,true_baseline_nlr,effect_modifier,spearman,-0.006118526579638843,0.006118526579638843,56
58,true_baseline_nlr,effect_modifier,spearman,-0.005777744508587481,0.005777744508587481,97
61,true_baseline_nlr,effect_modifier,spearman,0.004817464804399261,0.004817464804399261,79
10,true_baseline_nlr,effect_modifier,spearman,-0.0046331164030169085,0.0046331164030169085,42
67,true_baseline_nlr,effect_modifier,spearman,0.0036791702735730534,0.0036791702735730534,51
41,true_baseline_nlr,effect_modifier,spearman,0.0034345320391082853,0.0034345320391082853,50
74,true_baseline_nlr,effect_modifier,spearman,-0.003183295430869614,0.003183295430869614,83
83,true_baseline_nlr,effect_modifier,spearman,0.0028701035838418817,0.0028701035838418817,28
30,true_baseline_nlr,effect_modifier,spearman,0.0022348343452740817,0.0022348343452740817,71
69,true_baseline_nlr,effect_modifier,spearman,-0.0021859651076251967,0.0021859651076251967,40
65,true_baseline_nlr,effect_modifier,spearman,-0.001177112830553457,0.001177112830553457,37
91,true_baseline_nlr,effect_modifier,spearman,0.0007165765736985108,0.0007165765736985108,84
54,true_baseline_nlr,effect_modifier,spearman,-8.357946183789569e-05,8.357946183789569e-05,81
97,true_brain_metastases_status,effect_modifier,categorical_eta,0.670330157045774,0.670330157045774,74
56,true_brain_metastases_status,effect_modifier,categorical_eta,0.6487458696906437,0.6487458696906437,53
1,true_brain_metastases_status,effect_modifier,categorical_eta,0.6354731517338036,0.6354731517338036,85
76,true_brain_metastases_status,effect_modifier,categorical_eta,0.6061647470012843,0.6061647470012843,100
95,true_brain_metastases_status,effect_modifier,categorical_eta,0.5914187087584806,0.5914187087584806,27
82,true_brain_metastases_status,effect_modifier,categorical_eta,0.5497547234010739,0.5497547234010739,14
17,true_brain_metastases_status,effect_modifier,categorical_eta,0.5480145193662825,0.5480145193662825,63
32,true_brain_metastases_status,effect_modifier,categorical_eta,0.48280326817223246,0.48280326817223246,24
35,true_brain_metastases_status,effect_modifier,categorical_eta,0.4380711932708342,0.4380711932708342,55
57,true_brain_metastases_status,effect_modifier,categorical_eta,0.42143116829813054,0.42143116829813054,18
8,true_brain_metastases_status,effect_modifier,categorical_eta,0.3911040951388463,0.3911040951388463,39
33,true_brain_metastases_status,effect_modifier,categorical_eta,0.36415853895039035,0.36415853895039035,47
5,true_brain_metastases_status,effect_modifier,categorical_eta,0.3491861540969795,0.3491861540969795,43
96,true_brain_metastases_status,effect_modifier,categorical_eta,0.3182942937133555,0.3182942937133555,4
19,true_brain_metastases_status,effect_modifier,categorical_eta,0.2804498062280528,0.2804498062280528,36
14,true_brain_metastases_status,effect_modifier,categorical_eta,0.2073010745381385,0.2073010745381385,92
79,true_brain_metastases_status,effect_modifier,categorical_eta,0.20342292532202566,0.20342292532202566,30
26,true_brain_metastases_status,effect_modifier,categorical_eta,0.19717975966223436,0.19717975966223436,69
67,true_brain_metastases_status,effect_modifier,categorical_eta,0.17914936222981662,0.17914936222981662,51
64,true_brain_metastases_status,effect_modifier,categorical_eta,0.17660885420551575,0.17660885420551575,11
68,true_brain_metastases_status,effect_modifier,categorical_eta,0.1754641666794579,0.1754641666794579,10
12,true_brain_metastases_status,effect_modifier,categorical_eta,0.15622713533779994,0.15622713533779994,9
50,true_brain_metastases_status,effect_modifier,categorical_eta,0.1523943441748558,0.1523943441748558,95
71,true_brain_metastases_status,effect_modifier,categorical_eta,0.15149471164357264,0.15149471164357264,7
45,true_brain_metastases_status,effect_modifier,categorical_eta,0.14852350944531434,0.14852350944531434,34
55,true_brain_metastases_status,effect_modifier,categorical_eta,0.13489985603864796,0.13489985603864796,89
78,true_brain_metastases_status,effect_modifier,categorical_eta,0.12311281513291511,0.12311281513291511,12
94,true_brain_metastases_status,effect_modifier,categorical_eta,0.12143085326295526,0.12143085326295526,93
59,true_brain_metastases_status,effect_modifier,categorical_eta,0.12005330608205629,0.12005330608205629,2
51,true_brain_metastases_status,effect_modifier,categorical_eta,0.10852557856502101,0.10852557856502101,19
21,true_brain_metastases_status,effect_modifier,categorical_eta,0.10144453983376704,0.10144453983376704,87
73,true_brain_metastases_status,effect_modifier,categorical_eta,0.10053730896128144,0.10053730896128144,45
88,true_brain_metastases_status,effect_modifier,categorical_eta,0.0959258753807586,0.0959258753807586,70
29,true_brain_metastases_status,effect_modifier,categorical_eta,0.0914718308826347,0.0914718308826347,49
54,true_brain_metastases_status,effect_modifier,categorical_eta,0.09027236372863758,0.09027236372863758,81
47,true_brain_metastases_status,effect_modifier,categorical_eta,0.08996509166721074,0.08996509166721074,54
61,true_brain_metastases_status,effect_modifier,categorical_eta,0.08780397360380914,0.08780397360380914,79
53,true_brain_metastases_status,effect_modifier,categorical_eta,0.0861954376388694,0.0861954376388694,99
34,true_brain_metastases_status,effect_modifier,categorical_eta,0.08515903019906126,0.08515903019906126,75
77,true_brain_metastases_status,effect_modifier,categorical_eta,0.08105853155683493,0.08105853155683493,88
22,true_brain_metastases_status,effect_modifier,categorical_eta,0.08045076013377449,0.08045076013377449,73
37,true_brain_metastases_status,effect_modifier,categorical_eta,0.07986932135465208,0.07986932135465208,64
90,true_brain_metastases_status,effect_modifier,categorical_eta,0.0795519403556669,0.0795519403556669,59
41,true_brain_metastases_status,effect_modifier,categorical_eta,0.07822781863350525,0.07822781863350525,50
52,true_brain_metastases_status,effect_modifier,categorical_eta,0.07752416622193138,0.07752416622193138,31
13,true_brain_metastases_status,effect_modifier,categorical_eta,0.0760811383058047,0.0760811383058047,52
86,true_brain_metastases_status,effect_modifier,categorical_eta,0.07453654807164106,0.07453654807164106,15
49,true_brain_metastases_status,effect_modifier,categorical_eta,0.07169323122767442,0.07169323122767442,38
30,true_brain_metastases_status,effect_modifier,categorical_eta,0.06857625004458334,0.06857625004458334,71
93,true_brain_metastases_status,effect_modifier,categorical_eta,0.06727127671544145,0.06727127671544145,68
42,true_brain_metastases_status,effect_modifier,categorical_eta,0.0669392713836743,0.0669392713836743,62
36,true_brain_metastases_status,effect_modifier,categorical_eta,0.061204428140088946,0.061204428140088946,72
98,true_brain_metastases_status,effect_modifier,categorical_eta,0.06062946579944979,0.06062946579944979,65
87,true_brain_metastases_status,effect_modifier,categorical_eta,0.06032259399960036,0.06032259399960036,17
92,true_brain_metastases_status,effect_modifier,categorical_eta,0.05955757894541824,0.05955757894541824,91
39,true_brain_metastases_status,effect_modifier,categorical_eta,0.05908515106637299,0.05908515106637299,29
0,true_brain_metastases_status,effect_modifier,categorical_eta,0.05847634250293159,0.05847634250293159,41
48,true_brain_metastases_status,effect_modifier,categorical_eta,0.058454822035257946,0.058454822035257946,23
74,true_brain_metastases_status,effect_modifier,categorical_eta,0.058176570286567614,0.058176570286567614,83
84,true_brain_metastases_status,effect_modifier,categorical_eta,0.054980050725198404,0.054980050725198404,90
16,true_brain_metastases_status,effect_modifier,categorical_eta,0.053346583801296574,0.053346583801296574,21
18,true_brain_metastases_status,effect_modifier,categorical_eta,0.05270049231835291,0.05270049231835291,80
81,true_brain_metastases_status,effect_modifier,categorical_eta,0.04759265986165893,0.04759265986165893,3
72,true_brain_metastases_status,effect_modifier,categorical_eta,0.0475066105852107,0.0475066105852107,8
80,true_brain_metastases_status,effect_modifier,categorical_eta,0.04743842654315171,0.04743842654315171,61
65,true_brain_metastases_status,effect_modifier,categorical_eta,0.04696746094165136,0.04696746094165136,37
89,true_brain_metastases_status,effect_modifier,categorical_eta,0.04473481290095238,0.04473481290095238,76
43,true_brain_metastases_status,effect_modifier,categorical_eta,0.04434399168314065,0.04434399168314065,25
24,true_brain_metastases_status,effect_modifier,categorical_eta,0.04296411368528958,0.04296411368528958,48
46,true_brain_metastases_status,effect_modifier,categorical_eta,0.038523115652876104,0.038523115652876104,35
58,true_brain_metastases_status,effect_modifier,categorical_eta,0.038198071526743614,0.038198071526743614,97
4,true_brain_metastases_status,effect_modifier,categorical_eta,0.036888765196543605,0.036888765196543605,86
31,true_brain_metastases_status,effect_modifier,categorical_eta,0.036735554002121744,0.036735554002121744,44
75,true_brain_metastases_status,effect_modifier,categorical_eta,0.036494587527747945,0.036494587527747945,16
83,true_brain_metastases_status,effect_modifier,categorical_eta,0.035841879559600436,0.035841879559600436,28
60,true_brain_metastases_status,effect_modifier,categorical_eta,0.03548403243383463,0.03548403243383463,77
69,true_brain_metastases_status,effect_modifier,categorical_eta,0.03485069554903322,0.03485069554903322,40
40,true_brain_metastases_status,effect_modifier,categorical_eta,0.03469841487260608,0.03469841487260608,33
23,true_brain_metastases_status,effect_modifier,categorical_eta,0.03453546135256446,0.03453546135256446,6
25,true_brain_metastases_status,effect_modifier,categorical_eta,0.03240005980329228,0.03240005980329228,60
62,true_brain_metastases_status,effect_modifier,categorical_eta,0.03200972219246466,0.03200972219246466,94
66,true_brain_metastases_status,effect_modifier,categorical_eta,0.029580044259906277,0.029580044259906277,58
28,true_brain_metastases_status,effect_modifier,categorical_eta,0.029403351163174475,0.029403351163174475,20
20,true_brain_metastases_status,effect_modifier,categorical_eta,0.029248059689245494,0.029248059689245494,32
6,true_brain_metastases_status,effect_modifier,categorical_eta,0.027069553980621813,0.027069553980621813,56
10,true_brain_metastases_status,effect_modifier,categorical_eta,0.027062488277084528,0.027062488277084528,42
70,true_brain_metastases_status,effect_modifier,categorical_eta,0.02591711911178717,0.02591711911178717,82
11,true_brain_metastases_status,effect_modifier,categorical_eta,0.025726536537287365,0.025726536537287365,96
85,true_brain_metastases_status,effect_modifier,categorical_eta,0.02480349562056015,0.02480349562056015,57
7,true_brain_metastases_status,effect_modifier,categorical_eta,0.024749523406140617,0.024749523406140617,67
3,true_brain_metastases_status,effect_modifier,categorical_eta,0.02383377871554186,0.02383377871554186,98
63,true_brain_metastases_status,effect_modifier,categorical_eta,0.019522240077249814,0.019522240077249814,1
27,true_brain_metastases_status,effect_modifier,categorical_eta,0.019433962058685614,0.019433962058685614,22
15,true_brain_metastases_status,effect_modifier,categorical_eta,0.018251229721426388,0.018251229721426388,13
99,true_brain_metastases_status,effect_modifier,categorical_eta,0.01788617112135324,0.01788617112135324,78
91,true_brain_metastases_status,effect_modifier,categorical_eta,0.012767882246412609,0.012767882246412609,84
44,true_brain_metastases_status,effect_modifier,categorical_eta,0.010762128849020865,0.010762128849020865,5
2,true_brain_metastases_status,effect_modifier,categorical_eta,0.009276153162058168,0.009276153162058168,26
9,true_brain_metastases_status,effect_modifier,categorical_eta,0.004301510153303352,0.004301510153303352,46
38,true_brain_metastases_status,effect_modifier,categorical_eta,0.0031445361230614042,0.0031445361230614042,66
66,true_creatinine_clearance,confounder,spearman,-0.39766370649434407,0.39766370649434407,58
70,true_creatinine_clearance,confounder,spearman,-0.1054271542660123,0.1054271542660123,82
69,true_creatinine_clearance,confounder,spearman,0.09666314348806403,0.09666314348806403,40
96,true_creatinine_clearance,confounder,spearman,0.08655369994301056,0.08655369994301056,4
14,true_creatinine_clearance,confounder,spearman,0.08189240590012054,0.08189240590012054,92
43,true_creatinine_clearance,confounder,spearman,0.08127523597175082,0.08127523597175082,25
59,true_creatinine_clearance,confounder,spearman,0.08071631893259602,0.08071631893259602,2
60,true_creatinine_clearance,confounder,spearman,0.07933732466333501,0.07933732466333501,77
77,true_creatinine_clearance,confounder,spearman,0.07590875458329853,0.07590875458329853,88
0,true_creatinine_clearance,confounder,spearman,0.07583166235183261,0.07583166235183261,41
39,true_creatinine_clearance,confounder,spearman,0.06650923259447768,0.06650923259447768,29
50,true_creatinine_clearance,confounder,spearman,0.06408525580031577,0.06408525580031577,95
23,true_creatinine_clearance,confounder,spearman,0.06359809477780007,0.06359809477780007,6
5,true_creatinine_clearance,confounder,spearman,0.06234893793272342,0.06234893793272342,43
15,true_creatinine_clearance,confounder,spearman,0.061896097871977786,0.061896097871977786,13
35,true_creatinine_clearance,confounder,spearman,0.06004281908103394,0.06004281908103394,55
82,true_creatinine_clearance,confounder,spearman,0.05997652562885161,0.05997652562885161,14
22,true_creatinine_clearance,confounder,spearman,0.059634093016970036,0.059634093016970036,73
84,true_creatinine_clearance,confounder,spearman,-0.055914981284311646,0.055914981284311646,90
51,true_creatinine_clearance,confounder,spearman,0.05567770645228015,0.05567770645228015,19
33,true_creatinine_clearance,confounder,spearman,0.05432249234272689,0.05432249234272689,47
24,true_creatinine_clearance,confounder,spearman,-0.0542432801939963,0.0542432801939963,48
38,true_creatinine_clearance,confounder,spearman,0.0542191501896797,0.0542191501896797,66
56,true_creatinine_clearance,confounder,spearman,0.053769797577357135,0.053769797577357135,53
48,true_creatinine_clearance,confounder,spearman,-0.051500491996783734,0.051500491996783734,23
63,true_creatinine_clearance,confounder,spearman,0.04925224820923947,0.04925224820923947,1
65,true_creatinine_clearance,confounder,spearman,0.04790221897379065,0.04790221897379065,37
8,true_creatinine_clearance,confounder,spearman,0.04754687063852976,0.04754687063852976,39
90,true_creatinine_clearance,confounder,spearman,0.04471196319397478,0.04471196319397478,59
64,true_creatinine_clearance,confounder,spearman,0.04350476042635135,0.04350476042635135,11
52,true_creatinine_clearance,confounder,spearman,0.042889161469171246,0.042889161469171246,31
94,true_creatinine_clearance,confounder,spearman,0.042456851646294314,0.042456851646294314,93
16,true_creatinine_clearance,confounder,spearman,-0.04244915538978178,0.04244915538978178,21
75,true_creatinine_clearance,confounder,spearman,-0.042091859202068684,0.042091859202068684,16
97,true_creatinine_clearance,confounder,spearman,0.039237472719293454,0.039237472719293454,74
80,true_creatinine_clearance,confounder,spearman,0.03900527049325796,0.03900527049325796,61
37,true_creatinine_clearance,confounder,spearman,0.038191324535784346,0.038191324535784346,64
57,true_creatinine_clearance,confounder,spearman,0.03782430412047548,0.03782430412047548,18
81,true_creatinine_clearance,confounder,spearman,0.037517724999757196,0.037517724999757196,3
55,true_creatinine_clearance,confounder,spearman,0.036886562691604285,0.036886562691604285,89
6,true_creatinine_clearance,confounder,spearman,-0.03473148489460902,0.03473148489460902,56
18,true_creatinine_clearance,confounder,spearman,-0.03433545033858167,0.03433545033858167,80
3,true_creatinine_clearance,confounder,spearman,0.033627318439613585,0.033627318439613585,98
58,true_creatinine_clearance,confounder,spearman,0.03258292699014753,0.03258292699014753,97
7,true_creatinine_clearance,confounder,spearman,0.030087320904285706,0.030087320904285706,67
34,true_creatinine_clearance,confounder,spearman,0.029476840994806474,0.029476840994806474,75
78,true_creatinine_clearance,confounder,spearman,-0.029001560211629196,0.029001560211629196,12
89,true_creatinine_clearance,confounder,spearman,0.028894240212620197,0.028894240212620197,76
79,true_creatinine_clearance,confounder,spearman,0.028471177976592307,0.028471177976592307,30
62,true_creatinine_clearance,confounder,spearman,0.028093589452979923,0.028093589452979923,94
30,true_creatinine_clearance,confounder,spearman,-0.027509431350020458,0.027509431350020458,71
12,true_creatinine_clearance,confounder,spearman,-0.026062744379848287,0.026062744379848287,9
95,true_creatinine_clearance,confounder,spearman,0.026018442251823974,0.026018442251823974,27
68,true_creatinine_clearance,confounder,spearman,0.02521268673638191,0.02521268673638191,10
99,true_creatinine_clearance,confounder,spearman,0.024398329786619762,0.024398329786619762,78
31,true_creatinine_clearance,confounder,spearman,-0.02404742598702303,0.02404742598702303,44
17,true_creatinine_clearance,confounder,spearman,0.023994556592604754,0.023994556592604754,63
88,true_creatinine_clearance,confounder,spearman,-0.021336531483383388,0.021336531483383388,70
21,true_creatinine_clearance,confounder,spearman,-0.02118342710417156,0.02118342710417156,87
53,true_creatinine_clearance,confounder,spearman,0.02108064124318395,0.02108064124318395,99
13,true_creatinine_clearance,confounder,spearman,0.02083302826349509,0.02083302826349509,52
2,true_creatinine_clearance,confounder,spearman,0.020688253113345687,0.020688253113345687,26
40,true_creatinine_clearance,confounder,spearman,-0.01978552402177036,0.01978552402177036,33
41,true_creatinine_clearance,confounder,spearman,0.0191934165001679,0.0191934165001679,50
98,true_creatinine_clearance,confounder,spearman,-0.019144975485111078,0.019144975485111078,65
32,true_creatinine_clearance,confounder,spearman,0.018547983198158813,0.018547983198158813,24
25,true_creatinine_clearance,confounder,spearman,0.018024310099843368,0.018024310099843368,60
19,true_creatinine_clearance,confounder,spearman,-0.017314177313910235,0.017314177313910235,36
36,true_creatinine_clearance,confounder,spearman,-0.01711622512592625,0.01711622512592625,72
44,true_creatinine_clearance,confounder,spearman,-0.016350471692680054,0.016350471692680054,5
76,true_creatinine_clearance,confounder,spearman,-0.016055626062322324,0.016055626062322324,100
83,true_creatinine_clearance,confounder,spearman,0.015881407618681443,0.015881407618681443,28
11,true_creatinine_clearance,confounder,spearman,0.015749851216727367,0.015749851216727367,96
47,true_creatinine_clearance,confounder,spearman,0.015604444852514091,0.015604444852514091,54
9,true_creatinine_clearance,confounder,spearman,-0.014300967723087947,0.014300967723087947,46
1,true_creatinine_clearance,confounder,spearman,0.01410046867518793,0.01410046867518793,85
27,true_creatinine_clearance,confounder,spearman,0.0129157354580556,0.0129157354580556,22
93,true_creatinine_clearance,confounder,spearman,-0.012660213447357951,0.012660213447357951,68
28,true_creatinine_clearance,confounder,spearman,0.012570151821482203,0.012570151821482203,20
87,true_creatinine_clearance,confounder,spearman,-0.012484613697003077,0.012484613697003077,17
49,true_creatinine_clearance,confounder,spearman,-0.011927589490596632,0.011927589490596632,38
4,true_creatinine_clearance,confounder,spearman,-0.010260675831331474,0.010260675831331474,86
61,true_creatinine_clearance,confounder,spearman,-0.010229330400665261,0.010229330400665261,79
54,true_creatinine_clearance,confounder,spearman,0.008116366457663438,0.008116366457663438,81
71,true_creatinine_clearance,confounder,spearman,0.007672722272065955,0.007672722272065955,7
26,true_creatinine_clearance,confounder,spearman,0.007633496217055756,0.007633496217055756,69
46,true_creatinine_clearance,confounder,spearman,-0.007089749686783572,0.007089749686783572,35
29,true_creatinine_clearance,confounder,spearman,0.006992044325351161,0.006992044325351161,49
42,true_creatinine_clearance,confounder,spearman,0.0068177296259773375,0.0068177296259773375,62
45,true_creatinine_clearance,confounder,spearman,0.0067018389006931,0.0067018389006931,34
20,true_creatinine_clearance,confounder,spearman,-0.005680604412930927,0.005680604412930927,32
10,true_creatinine_clearance,confounder,spearman,-0.00531322043217948,0.00531322043217948,42
72,true_creatinine_clearance,confounder,spearman,-0.004954561075096161,0.004954561075096161,8
92,true_creatinine_clearance,confounder,spearman,0.004752303571431668,0.004752303571431668,91
73,true_creatinine_clearance,confounder,spearman,0.004492683213516987,0.004492683213516987,45
86,true_creatinine_clearance,confounder,spearman,0.003065364288358247,0.003065364288358247,15
74,true_creatinine_clearance,confounder,spearman,-0.003033910669188615,0.003033910669188615,83
91,true_creatinine_clearance,confounder,spearman,-0.002268467222275138,0.002268467222275138,84
67,true_creatinine_clearance,confounder,spearman,0.001229230786898538,0.001229230786898538,51
85,true_creatinine_clearance,confounder,spearman,-0.000574765267319819,0.000574765267319819,57
48,true_ecog_performance_status,confounder,categorical_eta,0.7252561397045812,0.7252561397045812,23
6,true_ecog_performance_status,confounder,categorical_eta,0.6084963740683449,0.6084963740683449,56
85,true_ecog_performance_status,confounder,categorical_eta,0.6041911408761056,0.6041911408761056,57
47,true_ecog_performance_status,confounder,categorical_eta,0.44643501576092737,0.44643501576092737,54
69,true_ecog_performance_status,confounder,categorical_eta,0.33566396470264415,0.33566396470264415,40
12,true_ecog_performance_status,confounder,categorical_eta,0.330942059946699,0.330942059946699,9
72,true_ecog_performance_status,confounder,categorical_eta,0.2691750422748253,0.2691750422748253,8
77,true_ecog_performance_status,confounder,categorical_eta,0.2579317571454428,0.2579317571454428,88
43,true_ecog_performance_status,confounder,categorical_eta,0.20803142484373988,0.20803142484373988,25
23,true_ecog_performance_status,confounder,categorical_eta,0.20112717439251815,0.20112717439251815,6
81,true_ecog_performance_status,confounder,categorical_eta,0.15509926902604565,0.15509926902604565,3
59,true_ecog_performance_status,confounder,categorical_eta,0.14325918656729777,0.14325918656729777,2
50,true_ecog_performance_status,confounder,categorical_eta,0.134550195156743,0.134550195156743,95
36,true_ecog_performance_status,confounder,categorical_eta,0.12934372117429024,0.12934372117429024,72
44,true_ecog_performance_status,confounder,categorical_eta,0.12612612928530312,0.12612612928530312,5
52,true_ecog_performance_status,confounder,categorical_eta,0.12169176013074745,0.12169176013074745,31
87,true_ecog_performance_status,confounder,categorical_eta,0.11574549852465882,0.11574549852465882,17
86,true_ecog_performance_status,confounder,categorical_eta,0.11504695827659907,0.11504695827659907,15
75,true_ecog_performance_status,confounder,categorical_eta,0.1141730941563418,0.1141730941563418,16
76,true_ecog_performance_status,confounder,categorical_eta,0.1113214616066041,0.1113214616066041,100
64,true_ecog_performance_status,confounder,categorical_eta,0.10945796181710862,0.10945796181710862,11
68,true_ecog_performance_status,confounder,categorical_eta,0.10880964786008646,0.10880964786008646,10
71,true_ecog_performance_status,confounder,categorical_eta,0.10614661451642203,0.10614661451642203,7
57,true_ecog_performance_status,confounder,categorical_eta,0.10453348434478162,0.10453348434478162,18
24,true_ecog_performance_status,confounder,categorical_eta,0.10253587858942345,0.10253587858942345,48
73,true_ecog_performance_status,confounder,categorical_eta,0.10223500710571973,0.10223500710571973,45
26,true_ecog_performance_status,confounder,categorical_eta,0.09529968134709584,0.09529968134709584,69
31,true_ecog_performance_status,confounder,categorical_eta,0.09474428557006376,0.09474428557006376,44
98,true_ecog_performance_status,confounder,categorical_eta,0.09247362384964096,0.09247362384964096,65
49,true_ecog_performance_status,confounder,categorical_eta,0.09226969710061386,0.09226969710061386,38
3,true_ecog_performance_status,confounder,categorical_eta,0.08587272480578324,0.08587272480578324,98
45,true_ecog_performance_status,confounder,categorical_eta,0.0854427935289878,0.0854427935289878,34
51,true_ecog_performance_status,confounder,categorical_eta,0.085138183804798,0.085138183804798,19
80,true_ecog_performance_status,confounder,categorical_eta,0.08404719182512962,0.08404719182512962,61
84,true_ecog_performance_status,confounder,categorical_eta,0.08380184383149784,0.08380184383149784,90
2,true_ecog_performance_status,confounder,categorical_eta,0.08301356358855629,0.08301356358855629,26
13,true_ecog_performance_status,confounder,categorical_eta,0.08273527294037522,0.08273527294037522,52
17,true_ecog_performance_status,confounder,categorical_eta,0.08248468097674061,0.08248468097674061,63
62,true_ecog_performance_status,confounder,categorical_eta,0.08062169561237205,0.08062169561237205,94
91,true_ecog_performance_status,confounder,categorical_eta,0.0777228770622213,0.0777228770622213,84
38,true_ecog_performance_status,confounder,categorical_eta,0.07699449870961785,0.07699449870961785,66
28,true_ecog_performance_status,confounder,categorical_eta,0.07627134566197975,0.07627134566197975,20
20,true_ecog_performance_status,confounder,categorical_eta,0.07491692176087622,0.07491692176087622,32
30,true_ecog_performance_status,confounder,categorical_eta,0.07431276865351998,0.07431276865351998,71
90,true_ecog_performance_status,confounder,categorical_eta,0.07397072325964664,0.07397072325964664,59
60,true_ecog_performance_status,confounder,categorical_eta,0.07364825055282705,0.07364825055282705,77
79,true_ecog_performance_status,confounder,categorical_eta,0.07317967025232575,0.07317967025232575,30
94,true_ecog_performance_status,confounder,categorical_eta,0.0731154593796725,0.0731154593796725,93
46,true_ecog_performance_status,confounder,categorical_eta,0.07248806218017828,0.07248806218017828,35
42,true_ecog_performance_status,confounder,categorical_eta,0.07230648313194693,0.07230648313194693,62
21,true_ecog_performance_status,confounder,categorical_eta,0.07139843897745486,0.07139843897745486,87
93,true_ecog_performance_status,confounder,categorical_eta,0.06958845370377134,0.06958845370377134,68
88,true_ecog_performance_status,confounder,categorical_eta,0.06855318542919475,0.06855318542919475,70
56,true_ecog_performance_status,confounder,categorical_eta,0.06597510533092257,0.06597510533092257,53
92,true_ecog_performance_status,confounder,categorical_eta,0.063204564752943,0.063204564752943,91
32,true_ecog_performance_status,confounder,categorical_eta,0.062253076856766246,0.062253076856766246,24
0,true_ecog_performance_status,confounder,categorical_eta,0.061612052347879455,0.061612052347879455,41
99,true_ecog_performance_status,confounder,categorical_eta,0.06041512228985748,0.06041512228985748,78
35,true_ecog_performance_status,confounder,categorical_eta,0.0603723492427601,0.0603723492427601,55
8,true_ecog_performance_status,confounder,categorical_eta,0.059068762008352156,0.059068762008352156,39
97,true_ecog_performance_status,confounder,categorical_eta,0.055840533352156045,0.055840533352156045,74
37,true_ecog_performance_status,confounder,categorical_eta,0.05580070797046087,0.05580070797046087,64
39,true_ecog_performance_status,confounder,categorical_eta,0.05436781339162439,0.05436781339162439,29
78,true_ecog_performance_status,confounder,categorical_eta,0.05382257772345101,0.05382257772345101,12
89,true_ecog_performance_status,confounder,categorical_eta,0.051327413284927806,0.051327413284927806,76
11,true_ecog_performance_status,confounder,categorical_eta,0.05121043759967046,0.05121043759967046,96
41,true_ecog_performance_status,confounder,categorical_eta,0.05101582468858624,0.05101582468858624,50
66,true_ecog_performance_status,confounder,categorical_eta,0.05071761400078555,0.05071761400078555,58
55,true_ecog_performance_status,confounder,categorical_eta,0.05067766159107248,0.05067766159107248,89
16,true_ecog_performance_status,confounder,categorical_eta,0.0494186920048443,0.0494186920048443,21
54,true_ecog_performance_status,confounder,categorical_eta,0.049165319507483735,0.049165319507483735,81
18,true_ecog_performance_status,confounder,categorical_eta,0.049096133734072636,0.049096133734072636,80
10,true_ecog_performance_status,confounder,categorical_eta,0.049014176946475335,0.049014176946475335,42
95,true_ecog_performance_status,confounder,categorical_eta,0.04829131624081372,0.04829131624081372,27
14,true_ecog_performance_status,confounder,categorical_eta,0.04779724591361767,0.04779724591361767,92
74,true_ecog_performance_status,confounder,categorical_eta,0.045076295355844946,0.045076295355844946,83
22,true_ecog_performance_status,confounder,categorical_eta,0.04236445871282357,0.04236445871282357,73
29,true_ecog_performance_status,confounder,categorical_eta,0.04178347018808385,0.04178347018808385,49
5,true_ecog_performance_status,confounder,categorical_eta,0.04104598351923631,0.04104598351923631,43
25,true_ecog_performance_status,confounder,categorical_eta,0.04088704883768875,0.04088704883768875,60
1,true_ecog_performance_status,confounder,categorical_eta,0.03879582214801929,0.03879582214801929,85
33,true_ecog_performance_status,confounder,categorical_eta,0.0386933217748207,0.0386933217748207,47
9,true_ecog_performance_status,confounder,categorical_eta,0.03750585751387511,0.03750585751387511,46
63,true_ecog_performance_status,confounder,categorical_eta,0.035047298138344396,0.035047298138344396,1
53,true_ecog_performance_status,confounder,categorical_eta,0.03375991262470019,0.03375991262470019,99
40,true_ecog_performance_status,confounder,categorical_eta,0.03154599291132542,0.03154599291132542,33
15,true_ecog_performance_status,confounder,categorical_eta,0.029574077473434206,0.029574077473434206,13
19,true_ecog_performance_status,confounder,categorical_eta,0.029281996096790892,0.029281996096790892,36
96,true_ecog_performance_status,confounder,categorical_eta,0.026534705743713513,0.026534705743713513,4
61,true_ecog_performance_status,confounder,categorical_eta,0.025969670453677526,0.025969670453677526,79
58,true_ecog_performance_status,confounder,categorical_eta,0.025455724298948042,0.025455724298948042,97
82,true_ecog_performance_status,confounder,categorical_eta,0.023579372268812182,0.023579372268812182,14
7,true_ecog_performance_status,confounder,categorical_eta,0.023100412380349614,0.023100412380349614,67
70,true_ecog_performance_status,confounder,categorical_eta,0.021746712916298268,0.021746712916298268,82
65,true_ecog_performance_status,confounder,categorical_eta,0.02172542503039492,0.02172542503039492,37
4,true_ecog_performance_status,confounder,categorical_eta,0.0202943874423604,0.0202943874423604,86
83,true_ecog_performance_status,confounder,categorical_eta,0.018080735377877594,0.018080735377877594,28
27,true_ecog_performance_status,confounder,categorical_eta,0.01583172954299011,0.01583172954299011,22
67,true_ecog_performance_status,confounder,categorical_eta,0.013066916366676,0.013066916366676,51
34,true_ecog_performance_status,confounder,categorical_eta,0.009373278480171554,0.009373278480171554,75
0,true_egfr_mutation_status,effect_modifier,categorical_eta,0.8233324800953059,0.8233324800953059,41
32,true_egfr_mutation_status,effect_modifier,categorical_eta,0.3144562606619781,0.3144562606619781,24
41,true_egfr_mutation_status,effect_modifier,categorical_eta,0.17556595538381076,0.17556595538381076,50
92,true_egfr_mutation_status,effect_modifier,categorical_eta,0.13885650251514353,0.13885650251514353,91
86,true_egfr_mutation_status,effect_modifier,categorical_eta,0.13293361100926848,0.13293361100926848,15
64,true_egfr_mutation_status,effect_modifier,categorical_eta,0.11935331725981858,0.11935331725981858,11
81,true_egfr_mutation_status,effect_modifier,categorical_eta,0.11552925666421512,0.11552925666421512,3
24,true_egfr_mutation_status,effect_modifier,categorical_eta,0.10721022429540379,0.10721022429540379,48
4,true_egfr_mutation_status,effect_modifier,categorical_eta,0.10375303704079333,0.10375303704079333,86
73,true_egfr_mutation_status,effect_modifier,categorical_eta,0.09881149697243045,0.09881149697243045,45
13,true_egfr_mutation_status,effect_modifier,categorical_eta,0.09398977017890561,0.09398977017890561,52
12,true_egfr_mutation_status,effect_modifier,categorical_eta,0.09167334185974686,0.09167334185974686,9
1,true_egfr_mutation_status,effect_modifier,categorical_eta,0.08994236805430698,0.08994236805430698,85
54,true_egfr_mutation_status,effect_modifier,categorical_eta,0.08597747204218566,0.08597747204218566,81
90,true_egfr_mutation_status,effect_modifier,categorical_eta,0.08591953183992347,0.08591953183992347,59
79,true_egfr_mutation_status,effect_modifier,categorical_eta,0.0842589675283946,0.0842589675283946,30
62,true_egfr_mutation_status,effect_modifier,categorical_eta,0.08132564518598784,0.08132564518598784,94
19,true_egfr_mutation_status,effect_modifier,categorical_eta,0.08077155108000983,0.08077155108000983,36
80,true_egfr_mutation_status,effect_modifier,categorical_eta,0.07009763285880989,0.07009763285880989,61
84,true_egfr_mutation_status,effect_modifier,categorical_eta,0.06713232728938842,0.06713232728938842,90
10,true_egfr_mutation_status,effect_modifier,categorical_eta,0.06620087850140545,0.06620087850140545,42
46,true_egfr_mutation_status,effect_modifier,categorical_eta,0.06483378494658212,0.06483378494658212,35
82,true_egfr_mutation_status,effect_modifier,categorical_eta,0.06367121798418804,0.06367121798418804,14
65,true_egfr_mutation_status,effect_modifier,categorical_eta,0.06359865667564779,0.06359865667564779,37
63,true_egfr_mutation_status,effect_modifier,categorical_eta,0.06349458466726858,0.06349458466726858,1
42,true_egfr_mutation_status,effect_modifier,categorical_eta,0.06265325758601684,0.06265325758601684,62
93,true_egfr_mutation_status,effect_modifier,categorical_eta,0.06160181668456839,0.06160181668456839,68
75,true_egfr_mutation_status,effect_modifier,categorical_eta,0.06069451612536177,0.06069451612536177,16
34,true_egfr_mutation_status,effect_modifier,categorical_eta,0.06065544846601413,0.06065544846601413,75
55,true_egfr_mutation_status,effect_modifier,categorical_eta,0.06064931672526673,0.06064931672526673,89
16,true_egfr_mutation_status,effect_modifier,categorical_eta,0.06053141374062946,0.06053141374062946,21
44,true_egfr_mutation_status,effect_modifier,categorical_eta,0.056937716212911826,0.056937716212911826,5
33,true_egfr_mutation_status,effect_modifier,categorical_eta,0.056145248120289176,0.056145248120289176,47
85,true_egfr_mutation_status,effect_modifier,categorical_eta,0.055416853108194275,0.055416853108194275,57
3,true_egfr_mutation_status,effect_modifier,categorical_eta,0.055140762492324726,0.055140762492324726,98
99,true_egfr_mutation_status,effect_modifier,categorical_eta,0.054408186610249494,0.054408186610249494,78
59,true_egfr_mutation_status,effect_modifier,categorical_eta,0.052783239021919205,0.052783239021919205,2
94,true_egfr_mutation_status,effect_modifier,categorical_eta,0.052630195215438456,0.052630195215438456,93
96,true_egfr_mutation_status,effect_modifier,categorical_eta,0.05248342951946615,0.05248342951946615,4
69,true_egfr_mutation_status,effect_modifier,categorical_eta,0.051680633443481706,0.051680633443481706,40
15,true_egfr_mutation_status,effect_modifier,categorical_eta,0.051425606701974116,0.051425606701974116,13
76,true_egfr_mutation_status,effect_modifier,categorical_eta,0.050796883978332985,0.050796883978332985,100
9,true_egfr_mutation_status,effect_modifier,categorical_eta,0.04876311305139012,0.04876311305139012,46
40,true_egfr_mutation_status,effect_modifier,categorical_eta,0.048338507551912574,0.048338507551912574,33
52,true_egfr_mutation_status,effect_modifier,categorical_eta,0.048249561572795904,0.048249561572795904,31
58,true_egfr_mutation_status,effect_modifier,categorical_eta,0.047350447499055266,0.047350447499055266,97
47,true_egfr_mutation_status,effect_modifier,categorical_eta,0.046912832802365814,0.046912832802365814,54
71,true_egfr_mutation_status,effect_modifier,categorical_eta,0.044967800214809506,0.044967800214809506,7
5,true_egfr_mutation_status,effect_modifier,categorical_eta,0.04456121287690152,0.04456121287690152,43
30,true_egfr_mutation_status,effect_modifier,categorical_eta,0.04371215852200489,0.04371215852200489,71
17,true_egfr_mutation_status,effect_modifier,categorical_eta,0.04278800919217432,0.04278800919217432,63
88,true_egfr_mutation_status,effect_modifier,categorical_eta,0.04239957833175608,0.04239957833175608,70
95,true_egfr_mutation_status,effect_modifier,categorical_eta,0.04169762090150093,0.04169762090150093,27
27,true_egfr_mutation_status,effect_modifier,categorical_eta,0.04066578717195288,0.04066578717195288,22
74,true_egfr_mutation_status,effect_modifier,categorical_eta,0.04061617729447347,0.04061617729447347,83
7,true_egfr_mutation_status,effect_modifier,categorical_eta,0.0399014666703212,0.0399014666703212,67
57,true_egfr_mutation_status,effect_modifier,categorical_eta,0.03840675738967282,0.03840675738967282,18
29,true_egfr_mutation_status,effect_modifier,categorical_eta,0.03762610662685525,0.03762610662685525,49
35,true_egfr_mutation_status,effect_modifier,categorical_eta,0.03759326076823373,0.03759326076823373,55
51,true_egfr_mutation_status,effect_modifier,categorical_eta,0.03750184075849651,0.03750184075849651,19
36,true_egfr_mutation_status,effect_modifier,categorical_eta,0.03673552845808392,0.03673552845808392,72
48,true_egfr_mutation_status,effect_modifier,categorical_eta,0.03627635978114535,0.03627635978114535,23
49,true_egfr_mutation_status,effect_modifier,categorical_eta,0.034386325710083404,0.034386325710083404,38
20,true_egfr_mutation_status,effect_modifier,categorical_eta,0.034066560772609715,0.034066560772609715,32
83,true_egfr_mutation_status,effect_modifier,categorical_eta,0.03224961477329859,0.03224961477329859,28
28,true_egfr_mutation_status,effect_modifier,categorical_eta,0.030967650996735683,0.030967650996735683,20
39,true_egfr_mutation_status,effect_modifier,categorical_eta,0.03041493691196935,0.03041493691196935,29
37,true_egfr_mutation_status,effect_modifier,categorical_eta,0.030409345848992783,0.030409345848992783,64
56,true_egfr_mutation_status,effect_modifier,categorical_eta,0.030190626245906137,0.030190626245906137,53
22,true_egfr_mutation_status,effect_modifier,categorical_eta,0.030088341478592486,0.030088341478592486,73
53,true_egfr_mutation_status,effect_modifier,categorical_eta,0.029958805720824044,0.029958805720824044,99
70,true_egfr_mutation_status,effect_modifier,categorical_eta,0.029509433980428622,0.029509433980428622,82
50,true_egfr_mutation_status,effect_modifier,categorical_eta,0.02922434902061598,0.02922434902061598,95
89,true_egfr_mutation_status,effect_modifier,categorical_eta,0.028994765042944723,0.028994765042944723,76
45,true_egfr_mutation_status,effect_modifier,categorical_eta,0.028846316008444617,0.028846316008444617,34
87,true_egfr_mutation_status,effect_modifier,categorical_eta,0.027269275692267485,0.027269275692267485,17
26,true_egfr_mutation_status,effect_modifier,categorical_eta,0.02573243687216085,0.02573243687216085,69
38,true_egfr_mutation_status,effect_modifier,categorical_eta,0.025541986698850386,0.025541986698850386,66
31,true_egfr_mutation_status,effect_modifier,categorical_eta,0.02440920942884458,0.02440920942884458,44
11,true_egfr_mutation_status,effect_modifier,categorical_eta,0.02303418989008602,0.02303418989008602,96
98,true_egfr_mutation_status,effect_modifier,categorical_eta,0.021073370257821678,0.021073370257821678,65
72,true_egfr_mutation_status,effect_modifier,categorical_eta,0.020604632626288977,0.020604632626288977,8
61,true_egfr_mutation_status,effect_modifier,categorical_eta,0.020204002859771288,0.020204002859771288,79
67,true_egfr_mutation_status,effect_modifier,categorical_eta,0.019993860539867916,0.019993860539867916,51
66,true_egfr_mutation_status,effect_modifier,categorical_eta,0.019654639688702586,0.019654639688702586,58
6,true_egfr_mutation_status,effect_modifier,categorical_eta,0.01899824736376689,0.01899824736376689,56
21,true_egfr_mutation_status,effect_modifier,categorical_eta,0.018299300282262197,0.018299300282262197,87
2,true_egfr_mutation_status,effect_modifier,categorical_eta,0.017981174656848457,0.017981174656848457,26
91,true_egfr_mutation_status,effect_modifier,categorical_eta,0.016704666601804512,0.016704666601804512,84
60,true_egfr_mutation_status,effect_modifier,categorical_eta,0.016198779299657844,0.016198779299657844,77
68,true_egfr_mutation_status,effect_modifier,categorical_eta,0.015044979388609816,0.015044979388609816,10
25,true_egfr_mutation_status,effect_modifier,categorical_eta,0.014821004244120382,0.014821004244120382,60
14,true_egfr_mutation_status,effect_modifier,categorical_eta,0.013876361121685388,0.013876361121685388,92
97,true_egfr_mutation_status,effect_modifier,categorical_eta,0.013094758034537895,0.013094758034537895,74
77,true_egfr_mutation_status,effect_modifier,categorical_eta,0.011829824727027696,0.011829824727027696,88
23,true_egfr_mutation_status,effect_modifier,categorical_eta,0.010662167612100934,0.010662167612100934,6
18,true_egfr_mutation_status,effect_modifier,categorical_eta,0.010338148164284775,0.010338148164284775,80
43,true_egfr_mutation_status,effect_modifier,categorical_eta,0.009102204304652698,0.009102204304652698,25
78,true_egfr_mutation_status,effect_modifier,categorical_eta,0.006650749001956815,0.006650749001956815,12
8,true_egfr_mutation_status,effect_modifier,categorical_eta,0.00549229384320544,0.00549229384320544,39
4,true_histology_type,effect_modifier,categorical_eta,0.7882496625418646,0.7882496625418646,86
90,true_histology_type,effect_modifier,categorical_eta,0.7624582017301014,0.7624582017301014,59
83,true_histology_type,effect_modifier,categorical_eta,0.7617766029659938,0.7617766029659938,28
99,true_histology_type,effect_modifier,categorical_eta,0.6998182168174698,0.6998182168174698,78
54,true_histology_type,effect_modifier,categorical_eta,0.43221659982746824,0.43221659982746824,81
62,true_histology_type,effect_modifier,categorical_eta,0.21241550091803768,0.21241550091803768,94
10,true_histology_type,effect_modifier,categorical_eta,0.19332528024765783,0.19332528024765783,42
16,true_histology_type,effect_modifier,categorical_eta,0.18877262681027027,0.18877262681027027,21
75,true_histology_type,effect_modifier,categorical_eta,0.187542151216335,0.187542151216335,16
41,true_histology_type,effect_modifier,categorical_eta,0.14364352397132743,0.14364352397132743,50
63,true_histology_type,effect_modifier,categorical_eta,0.12857780753130144,0.12857780753130144,1
50,true_histology_type,effect_modifier,categorical_eta,0.12676185671216494,0.12676185671216494,95
80,true_histology_type,effect_modifier,categorical_eta,0.12361367130421923,0.12361367130421923,61
53,true_histology_type,effect_modifier,categorical_eta,0.12230150876513914,0.12230150876513914,99
86,true_histology_type,effect_modifier,categorical_eta,0.11931866433916566,0.11931866433916566,15
76,true_histology_type,effect_modifier,categorical_eta,0.11828557237217363,0.11828557237217363,100
93,true_histology_type,effect_modifier,categorical_eta,0.11467403852888355,0.11467403852888355,68
65,true_histology_type,effect_modifier,categorical_eta,0.11388144414968183,0.11388144414968183,37
88,true_histology_type,effect_modifier,categorical_eta,0.11321289329528145,0.11321289329528145,70
13,true_histology_type,effect_modifier,categorical_eta,0.11295910350700471,0.11295910350700471,52
11,true_histology_type,effect_modifier,categorical_eta,0.1077776592874801,0.1077776592874801,96
23,true_histology_type,effect_modifier,categorical_eta,0.10341381750409682,0.10341381750409682,6
57,true_histology_type,effect_modifier,categorical_eta,0.10276469365241789,0.10276469365241789,18
74,true_histology_type,effect_modifier,categorical_eta,0.10221173109905902,0.10221173109905902,83
44,true_histology_type,effect_modifier,categorical_eta,0.10032458832365158,0.10032458832365158,5
79,true_histology_type,effect_modifier,categorical_eta,0.09740649080303411,0.09740649080303411,30
29,true_histology_type,effect_modifier,categorical_eta,0.09601823659378189,0.09601823659378189,49
14,true_histology_type,effect_modifier,categorical_eta,0.09566792353566693,0.09566792353566693,92
1,true_histology_type,effect_modifier,categorical_eta,0.09153568893746744,0.09153568893746744,85
67,true_histology_type,effect_modifier,categorical_eta,0.08878819865268736,0.08878819865268736,51
30,true_histology_type,effect_modifier,categorical_eta,0.08599314129942252,0.08599314129942252,71
12,true_histology_type,effect_modifier,categorical_eta,0.08562023409067387,0.08562023409067387,9
70,true_histology_type,effect_modifier,categorical_eta,0.08476110428944267,0.08476110428944267,82
26,true_histology_type,effect_modifier,categorical_eta,0.08282484629582143,0.08282484629582143,69
37,true_histology_type,effect_modifier,categorical_eta,0.08177115163166195,0.08177115163166195,64
48,true_histology_type,effect_modifier,categorical_eta,0.08034408207153561,0.08034408207153561,23
59,true_histology_type,effect_modifier,categorical_eta,0.0798930997049104,0.0798930997049104,2
33,true_histology_type,effect_modifier,categorical_eta,0.07870543705577704,0.07870543705577704,47
68,true_histology_type,effect_modifier,categorical_eta,0.07646160286421268,0.07646160286421268,10
77,true_histology_type,effect_modifier,categorical_eta,0.07616398941615045,0.07616398941615045,88
0,true_histology_type,effect_modifier,categorical_eta,0.07468516897460062,0.07468516897460062,41
72,true_histology_type,effect_modifier,categorical_eta,0.07185934602545388,0.07185934602545388,8
27,true_histology_type,effect_modifier,categorical_eta,0.07101370182260232,0.07101370182260232,22
61,true_histology_type,effect_modifier,categorical_eta,0.07081580207276565,0.07081580207276565,79
25,true_histology_type,effect_modifier,categorical_eta,0.0706042021880104,0.0706042021880104,60
5,true_histology_type,effect_modifier,categorical_eta,0.07021741107039317,0.07021741107039317,43
32,true_histology_type,effect_modifier,categorical_eta,0.06996458192741496,0.06996458192741496,24
34,true_histology_type,effect_modifier,categorical_eta,0.06939567305642437,0.06939567305642437,75
21,true_histology_type,effect_modifier,categorical_eta,0.06904095743214687,0.06904095743214687,87
7,true_histology_type,effect_modifier,categorical_eta,0.0689620833793949,0.0689620833793949,67
38,true_histology_type,effect_modifier,categorical_eta,0.06827318472149306,0.06827318472149306,66
94,true_histology_type,effect_modifier,categorical_eta,0.06533807588291052,0.06533807588291052,93
40,true_histology_type,effect_modifier,categorical_eta,0.06448046654327785,0.06448046654327785,33
9,true_histology_type,effect_modifier,categorical_eta,0.06408320019645969,0.06408320019645969,46
69,true_histology_type,effect_modifier,categorical_eta,0.06322092950016692,0.06322092950016692,40
97,true_histology_type,effect_modifier,categorical_eta,0.061451851139344975,0.061451851139344975,74
87,true_histology_type,effect_modifier,categorical_eta,0.06018592704566326,0.06018592704566326,17
81,true_histology_type,effect_modifier,categorical_eta,0.05963869582494768,0.05963869582494768,3
31,true_histology_type,effect_modifier,categorical_eta,0.05897859325365956,0.05897859325365956,44
36,true_histology_type,effect_modifier,categorical_eta,0.0583046130970408,0.0583046130970408,72
39,true_histology_type,effect_modifier,categorical_eta,0.05802869108632383,0.05802869108632383,29
43,true_histology_type,effect_modifier,categorical_eta,0.05794786883102411,0.05794786883102411,25
84,true_histology_type,effect_modifier,categorical_eta,0.05677808675422868,0.05677808675422868,90
82,true_histology_type,effect_modifier,categorical_eta,0.056765563361844455,0.056765563361844455,14
71,true_histology_type,effect_modifier,categorical_eta,0.055931604112913494,0.055931604112913494,7
2,true_histology_type,effect_modifier,categorical_eta,0.05552530244682052,0.05552530244682052,26
73,true_histology_type,effect_modifier,categorical_eta,0.05449408910120463,0.05449408910120463,45
20,true_histology_type,effect_modifier,categorical_eta,0.053545448630045386,0.053545448630045386,32
24,true_histology_type,effect_modifier,categorical_eta,0.052988063773756616,0.052988063773756616,48
55,true_histology_type,effect_modifier,categorical_eta,0.05058696922560998,0.05058696922560998,89
18,true_histology_type,effect_modifier,categorical_eta,0.04972547482875457,0.04972547482875457,80
49,true_histology_type,effect_modifier,categorical_eta,0.04951676580783189,0.04951676580783189,38
56,true_histology_type,effect_modifier,categorical_eta,0.04862263795021192,0.04862263795021192,53
58,true_histology_type,effect_modifier,categorical_eta,0.04839599733757741,0.04839599733757741,97
92,true_histology_type,effect_modifier,categorical_eta,0.045546648073822076,0.045546648073822076,91
95,true_histology_type,effect_modifier,categorical_eta,0.04438047180810083,0.04438047180810083,27
66,true_histology_type,effect_modifier,categorical_eta,0.04400377329218796,0.04400377329218796,58
3,true_histology_type,effect_modifier,categorical_eta,0.04329027813979317,0.04329027813979317,98
98,true_histology_type,effect_modifier,categorical_eta,0.04120545045643098,0.04120545045643098,65
46,true_histology_type,effect_modifier,categorical_eta,0.0402619416289896,0.0402619416289896,35
6,true_histology_type,effect_modifier,categorical_eta,0.03904547784155731,0.03904547784155731,56
45,true_histology_type,effect_modifier,categorical_eta,0.03801857788906458,0.03801857788906458,34
28,true_histology_type,effect_modifier,categorical_eta,0.03788073461973869,0.03788073461973869,20
78,true_histology_type,effect_modifier,categorical_eta,0.0375045302501259,0.0375045302501259,12
51,true_histology_type,effect_modifier,categorical_eta,0.03587948760432753,0.03587948760432753,19
60,true_histology_type,effect_modifier,categorical_eta,0.035635282221363425,0.035635282221363425,77
15,true_histology_type,effect_modifier,categorical_eta,0.03507503889265086,0.03507503889265086,13
64,true_histology_type,effect_modifier,categorical_eta,0.03466800032393316,0.03466800032393316,11
85,true_histology_type,effect_modifier,categorical_eta,0.0343267447228202,0.0343267447228202,57
42,true_histology_type,effect_modifier,categorical_eta,0.033512312864469,0.033512312864469,62
52,true_histology_type,effect_modifier,categorical_eta,0.03251166302733792,0.03251166302733792,31
17,true_histology_type,effect_modifier,categorical_eta,0.030977524136421103,0.030977524136421103,63
96,true_histology_type,effect_modifier,categorical_eta,0.029268296773471092,0.029268296773471092,4
19,true_histology_type,effect_modifier,categorical_eta,0.027865204473301267,0.027865204473301267,36
89,true_histology_type,effect_modifier,categorical_eta,0.025494213687234375,0.025494213687234375,76
22,true_histology_type,effect_modifier,categorical_eta,0.024020882265799227,0.024020882265799227,73
35,true_histology_type,effect_modifier,categorical_eta,0.022431130066273734,0.022431130066273734,55
8,true_histology_type,effect_modifier,categorical_eta,0.019407303326020923,0.019407303326020923,39
91,true_histology_type,effect_modifier,categorical_eta,0.01910379938318647,0.01910379938318647,84
47,true_histology_type,effect_modifier,categorical_eta,0.01129376424797748,0.01129376424797748,54
53,true_prior_platinum_therapy,confounder,categorical_eta,0.7279749536333301,0.7279749536333301,99
2,true_prior_platinum_therapy,confounder,categorical_eta,0.6062872214831467,0.6062872214831467,26
50,true_prior_platinum_therapy,confounder,categorical_eta,0.5926868655120787,0.5926868655120787,95
21,true_prior_platinum_therapy,confounder,categorical_eta,0.5906380200584401,0.5906380200584401,87
20,true_prior_platinum_therapy,confounder,categorical_eta,0.5701190468270623,0.5701190468270623,32
38,true_prior_platinum_therapy,confounder,categorical_eta,0.4760291885510386,0.4760291885510386,66
62,true_prior_platinum_therapy,confounder,categorical_eta,0.4138830733612021,0.4138830733612021,94
74,true_prior_platinum_therapy,confounder,categorical_eta,0.4118441083765588,0.4118441083765588,83
13,true_prior_platinum_therapy,confounder,categorical_eta,0.3633157518506143,0.3633157518506143,52
64,true_prior_platinum_therapy,confounder,categorical_eta,0.36271400383907226,0.36271400383907226,11
19,true_prior_platinum_therapy,confounder,categorical_eta,0.34518642689697315,0.34518642689697315,36
27,true_prior_platinum_therapy,confounder,categorical_eta,0.33575614013488475,0.33575614013488475,22
88,true_prior_platinum_therapy,confounder,categorical_eta,0.3169727735085158,0.3169727735085158,70
11,true_prior_platinum_therapy,confounder,categorical_eta,0.3139157088131489,0.3139157088131489,96
25,true_prior_platinum_therapy,confounder,categorical_eta,0.31099645444658547,0.31099645444658547,60
22,true_prior_platinum_therapy,confounder,categorical_eta,0.27919785179282386,0.27919785179282386,73
28,true_prior_platinum_therapy,confounder,categorical_eta,0.25123675314654614,0.25123675314654614,20
4,true_prior_platinum_therapy,confounder,categorical_eta,0.24840660312476956,0.24840660312476956,86
14,true_prior_platinum_therapy,confounder,categorical_eta,0.24517489252011096,0.24517489252011096,92
58,true_prior_platinum_therapy,confounder,categorical_eta,0.21863161569229597,0.21863161569229597,97
63,true_prior_platinum_therapy,confounder,categorical_eta,0.21062842980000557,0.21062842980000557,1
86,true_prior_platinum_therapy,confounder,categorical_eta,0.20178956318875832,0.20178956318875832,15
73,true_prior_platinum_therapy,confounder,categorical_eta,0.2012440831775759,0.2012440831775759,45
98,true_prior_platinum_therapy,confounder,categorical_eta,0.19942975761354775,0.19942975761354775,65
26,true_prior_platinum_therapy,confounder,categorical_eta,0.19104957087913862,0.19104957087913862,69
67,true_prior_platinum_therapy,confounder,categorical_eta,0.1882221245544045,0.1882221245544045,51
65,true_prior_platinum_therapy,confounder,categorical_eta,0.1777804919186106,0.1777804919186106,37
69,true_prior_platinum_therapy,confounder,categorical_eta,0.17011013160982666,0.17011013160982666,40
97,true_prior_platinum_therapy,confounder,categorical_eta,0.16918457869811407,0.16918457869811407,74
79,true_prior_platinum_therapy,confounder,categorical_eta,0.15700900651655675,0.15700900651655675,30
81,true_prior_platinum_therapy,confounder,categorical_eta,0.15661860414761655,0.15661860414761655,3
92,true_prior_platinum_therapy,confounder,categorical_eta,0.1483800405328358,0.1483800405328358,91
34,true_prior_platinum_therapy,confounder,categorical_eta,0.146306971520512,0.146306971520512,75
46,true_prior_platinum_therapy,confounder,categorical_eta,0.1456372414968791,0.1456372414968791,35
37,true_prior_platinum_therapy,confounder,categorical_eta,0.13787976213263603,0.13787976213263603,64
15,true_prior_platinum_therapy,confounder,categorical_eta,0.1321301647570896,0.1321301647570896,13
68,true_prior_platinum_therapy,confounder,categorical_eta,0.12840017710506682,0.12840017710506682,10
95,true_prior_platinum_therapy,confounder,categorical_eta,0.12715400793320616,0.12715400793320616,27
93,true_prior_platinum_therapy,confounder,categorical_eta,0.1255562018517126,0.1255562018517126,68
57,true_prior_platinum_therapy,confounder,categorical_eta,0.12063310242391369,0.12063310242391369,18
90,true_prior_platinum_therapy,confounder,categorical_eta,0.10767835373115055,0.10767835373115055,59
59,true_prior_platinum_therapy,confounder,categorical_eta,0.10671419119997388,0.10671419119997388,2
10,true_prior_platinum_therapy,confounder,categorical_eta,0.10265562219863196,0.10265562219863196,42
82,true_prior_platinum_therapy,confounder,categorical_eta,0.1020146794261729,0.1020146794261729,14
80,true_prior_platinum_therapy,confounder,categorical_eta,0.10144287927383737,0.10144287927383737,61
9,true_prior_platinum_therapy,confounder,categorical_eta,0.09942158759894613,0.09942158759894613,46
29,true_prior_platinum_therapy,confounder,categorical_eta,0.0991973815678084,0.0991973815678084,49
77,true_prior_platinum_therapy,confounder,categorical_eta,0.09696609823737334,0.09696609823737334,88
45,true_prior_platinum_therapy,confounder,categorical_eta,0.09641961524297507,0.09641961524297507,34
83,true_prior_platinum_therapy,confounder,categorical_eta,0.09450483408922453,0.09450483408922453,28
33,true_prior_platinum_therapy,confounder,categorical_eta,0.09432801723682394,0.09432801723682394,47
72,true_prior_platinum_therapy,confounder,categorical_eta,0.0917527025309634,0.0917527025309634,8
49,true_prior_platinum_therapy,confounder,categorical_eta,0.08934689309544122,0.08934689309544122,38
24,true_prior_platinum_therapy,confounder,categorical_eta,0.08856766487618664,0.08856766487618664,48
6,true_prior_platinum_therapy,confounder,categorical_eta,0.08688070358009162,0.08688070358009162,56
61,true_prior_platinum_therapy,confounder,categorical_eta,0.08592499735144088,0.08592499735144088,79
44,true_prior_platinum_therapy,confounder,categorical_eta,0.08486082296263098,0.08486082296263098,5
0,true_prior_platinum_therapy,confounder,categorical_eta,0.08468556175325849,0.08468556175325849,41
47,true_prior_platinum_therapy,confounder,categorical_eta,0.08355953992019444,0.08355953992019444,54
85,true_prior_platinum_therapy,confounder,categorical_eta,0.08263596133612944,0.08263596133612944,57
66,true_prior_platinum_therapy,confounder,categorical_eta,0.08213166689953812,0.08213166689953812,58
96,true_prior_platinum_therapy,confounder,categorical_eta,0.08031722238693546,0.08031722238693546,4
76,true_prior_platinum_therapy,confounder,categorical_eta,0.07868295708830014,0.07868295708830014,100
5,true_prior_platinum_therapy,confounder,categorical_eta,0.07654059612739049,0.07654059612739049,43
36,true_prior_platinum_therapy,confounder,categorical_eta,0.07391410853029254,0.07391410853029254,72
1,true_prior_platinum_therapy,confounder,categorical_eta,0.07391214962351841,0.07391214962351841,85
35,true_prior_platinum_therapy,confounder,categorical_eta,0.07360418746177264,0.07360418746177264,55
48,true_prior_platinum_therapy,confounder,categorical_eta,0.07310209929312624,0.07310209929312624,23
87,true_prior_platinum_therapy,confounder,categorical_eta,0.0723741855068207,0.0723741855068207,17
18,true_prior_platinum_therapy,confounder,categorical_eta,0.07176987915363733,0.07176987915363733,80
84,true_prior_platinum_therapy,confounder,categorical_eta,0.07034692198027519,0.07034692198027519,90
41,true_prior_platinum_therapy,confounder,categorical_eta,0.06758055241345706,0.06758055241345706,50
12,true_prior_platinum_therapy,confounder,categorical_eta,0.06695438001087728,0.06695438001087728,9
42,true_prior_platinum_therapy,confounder,categorical_eta,0.06639841096919559,0.06639841096919559,62
52,true_prior_platinum_therapy,confounder,categorical_eta,0.056642854038797395,0.056642854038797395,31
78,true_prior_platinum_therapy,confounder,categorical_eta,0.05531976024861429,0.05531976024861429,12
23,true_prior_platinum_therapy,confounder,categorical_eta,0.050691768746883324,0.050691768746883324,6
3,true_prior_platinum_therapy,confounder,categorical_eta,0.04633842915205315,0.04633842915205315,98
70,true_prior_platinum_therapy,confounder,categorical_eta,0.04486806435786048,0.04486806435786048,82
39,true_prior_platinum_therapy,confounder,categorical_eta,0.04454262645727004,0.04454262645727004,29
51,true_prior_platinum_therapy,confounder,categorical_eta,0.04330465297572329,0.04330465297572329,19
71,true_prior_platinum_therapy,confounder,categorical_eta,0.04255030190692514,0.04255030190692514,7
60,true_prior_platinum_therapy,confounder,categorical_eta,0.0417358509467966,0.0417358509467966,77
75,true_prior_platinum_therapy,confounder,categorical_eta,0.03816723715408623,0.03816723715408623,16
31,true_prior_platinum_therapy,confounder,categorical_eta,0.03739109043689866,0.03739109043689866,44
91,true_prior_platinum_therapy,confounder,categorical_eta,0.03684311947585271,0.03684311947585271,84
94,true_prior_platinum_therapy,confounder,categorical_eta,0.03632122075347633,0.03632122075347633,93
16,true_prior_platinum_therapy,confounder,categorical_eta,0.035993568082577615,0.035993568082577615,21
8,true_prior_platinum_therapy,confounder,categorical_eta,0.03340063439467997,0.03340063439467997,39
32,true_prior_platinum_therapy,confounder,categorical_eta,0.03080039474996704,0.03080039474996704,24
99,true_prior_platinum_therapy,confounder,categorical_eta,0.028223638388456145,0.028223638388456145,78
56,true_prior_platinum_therapy,confounder,categorical_eta,0.01994436484833196,0.01994436484833196,53
89,true_prior_platinum_therapy,confounder,categorical_eta,0.016114821680197237,0.016114821680197237,76
54,true_prior_platinum_therapy,confounder,categorical_eta,0.015211829986657637,0.015211829986657637,81
30,true_prior_platinum_therapy,confounder,categorical_eta,0.013324353208218473,0.013324353208218473,71
17,true_prior_platinum_therapy,confounder,categorical_eta,0.012618043391568719,0.012618043391568719,63
55,true_prior_platinum_therapy,confounder,categorical_eta,0.011851451314002571,0.011851451314002571,89
40,true_prior_platinum_therapy,confounder,categorical_eta,0.011546614507252176,0.011546614507252176,33
7,true_prior_platinum_therapy,confounder,categorical_eta,0.008261046546384793,0.008261046546384793,67
43,true_prior_platinum_therapy,confounder,categorical_eta,0.006789221240216489,0.006789221240216489,25
84,true_sex,confounder,categorical_eta,0.9078510958231869,0.9078510958231869,90
3,true_sex,confounder,categorical_eta,0.7578384527788675,0.7578384527788675,98
36,true_sex,confounder,categorical_eta,0.6041924839936252,0.6041924839936252,72
31,true_sex,confounder,categorical_eta,0.5932525864480095,0.5932525864480095,44
42,true_sex,confounder,categorical_eta,0.5503599080046736,0.5503599080046736,62
7,true_sex,confounder,categorical_eta,0.43173495790129834,0.43173495790129834,67
24,true_sex,confounder,categorical_eta,0.42660322068396955,0.42660322068396955,48
18,true_sex,confounder,categorical_eta,0.25274203247124727,0.25274203247124727,80
39,true_sex,confounder,categorical_eta,0.24075350868081657,0.24075350868081657,29
91,true_sex,confounder,categorical_eta,0.14990912865044995,0.14990912865044995,84
30,true_sex,confounder,categorical_eta,0.14522584186656295,0.14522584186656295,71
65,true_sex,confounder,categorical_eta,0.12401625702616997,0.12401625702616997,37
98,true_sex,confounder,categorical_eta,0.11425292424451743,0.11425292424451743,65
20,true_sex,confounder,categorical_eta,0.10506237280652925,0.10506237280652925,32
14,true_sex,confounder,categorical_eta,0.10406154334424692,0.10406154334424692,92
4,true_sex,confounder,categorical_eta,0.10349881210718498,0.10349881210718498,86
5,true_sex,confounder,categorical_eta,0.09524502778863317,0.09524502778863317,43
49,true_sex,confounder,categorical_eta,0.09431996737737855,0.09431996737737855,38
58,true_sex,confounder,categorical_eta,0.09277372224087735,0.09277372224087735,97
92,true_sex,confounder,categorical_eta,0.09228286327390695,0.09228286327390695,91
28,true_sex,confounder,categorical_eta,0.08603258295441756,0.08603258295441756,20
59,true_sex,confounder,categorical_eta,0.07995890112216364,0.07995890112216364,2
77,true_sex,confounder,categorical_eta,0.0796004737905643,0.0796004737905643,88
63,true_sex,confounder,categorical_eta,0.07758493068483482,0.07758493068483482,1
45,true_sex,confounder,categorical_eta,0.07508892261109495,0.07508892261109495,34
60,true_sex,confounder,categorical_eta,0.07375696777070062,0.07375696777070062,77
13,true_sex,confounder,categorical_eta,0.07326509416730592,0.07326509416730592,52
73,true_sex,confounder,categorical_eta,0.07210562888287282,0.07210562888287282,45
94,true_sex,confounder,categorical_eta,0.07175628379628099,0.07175628379628099,93
12,true_sex,confounder,categorical_eta,0.06558396840488352,0.06558396840488352,9
1,true_sex,confounder,categorical_eta,0.06505659267089306,0.06505659267089306,85
15,true_sex,confounder,categorical_eta,0.0645956929197556,0.0645956929197556,13
53,true_sex,confounder,categorical_eta,0.06129428236330125,0.06129428236330125,99
34,true_sex,confounder,categorical_eta,0.06109272833131351,0.06109272833131351,75
51,true_sex,confounder,categorical_eta,0.0583452468049734,0.0583452468049734,19
9,true_sex,confounder,categorical_eta,0.058135169303719404,0.058135169303719404,46
62,true_sex,confounder,categorical_eta,0.05772779292064381,0.05772779292064381,94
64,true_sex,confounder,categorical_eta,0.05734325320275897,0.05734325320275897,11
69,true_sex,confounder,categorical_eta,0.05728228549492976,0.05728228549492976,40
35,true_sex,confounder,categorical_eta,0.055163749463263766,0.055163749463263766,55
43,true_sex,confounder,categorical_eta,0.0541913514383299,0.0541913514383299,25
11,true_sex,confounder,categorical_eta,0.05410342125472217,0.05410342125472217,96
86,true_sex,confounder,categorical_eta,0.053049505904584356,0.053049505904584356,15
41,true_sex,confounder,categorical_eta,0.05092924112326772,0.05092924112326772,50
6,true_sex,confounder,categorical_eta,0.04885781255294773,0.04885781255294773,56
23,true_sex,confounder,categorical_eta,0.04850542153085596,0.04850542153085596,6
16,true_sex,confounder,categorical_eta,0.04773506605422715,0.04773506605422715,21
99,true_sex,confounder,categorical_eta,0.04694496868937984,0.04694496868937984,78
66,true_sex,confounder,categorical_eta,0.046497501696894594,0.046497501696894594,58
2,true_sex,confounder,categorical_eta,0.04596005978965928,0.04596005978965928,26
88,true_sex,confounder,categorical_eta,0.04488252979524213,0.04488252979524213,70
21,true_sex,confounder,categorical_eta,0.04485509963022918,0.04485509963022918,87
38,true_sex,confounder,categorical_eta,0.04449563988083622,0.04449563988083622,66
25,true_sex,confounder,categorical_eta,0.04434952455181636,0.04434952455181636,60
52,true_sex,confounder,categorical_eta,0.043147895955143095,0.043147895955143095,31
55,true_sex,confounder,categorical_eta,0.04223085404093221,0.04223085404093221,89
26,true_sex,confounder,categorical_eta,0.0421939575854806,0.0421939575854806,69
54,true_sex,confounder,categorical_eta,0.04143704704319224,0.04143704704319224,81
95,true_sex,confounder,categorical_eta,0.04102369467242944,0.04102369467242944,27
74,true_sex,confounder,categorical_eta,0.04095792321718893,0.04095792321718893,83
76,true_sex,confounder,categorical_eta,0.03899774338984254,0.03899774338984254,100
82,true_sex,confounder,categorical_eta,0.038961371705414,0.038961371705414,14
10,true_sex,confounder,categorical_eta,0.03879021339898708,0.03879021339898708,42
87,true_sex,confounder,categorical_eta,0.038546821274269304,0.038546821274269304,17
19,true_sex,confounder,categorical_eta,0.03829190420811509,0.03829190420811509,36
79,true_sex,confounder,categorical_eta,0.03713525762019715,0.03713525762019715,30
17,true_sex,confounder,categorical_eta,0.036765336849913066,0.036765336849913066,63
68,true_sex,confounder,categorical_eta,0.03600609673739327,0.03600609673739327,10
80,true_sex,confounder,categorical_eta,0.035780723988297715,0.035780723988297715,61
22,true_sex,confounder,categorical_eta,0.035714575467853116,0.035714575467853116,73
72,true_sex,confounder,categorical_eta,0.03453270425036494,0.03453270425036494,8
32,true_sex,confounder,categorical_eta,0.03416736923496109,0.03416736923496109,24
71,true_sex,confounder,categorical_eta,0.0340049719915717,0.0340049719915717,7
97,true_sex,confounder,categorical_eta,0.03383524728148114,0.03383524728148114,74
85,true_sex,confounder,categorical_eta,0.03330182519843713,0.03330182519843713,57
56,true_sex,confounder,categorical_eta,0.0323168132274977,0.0323168132274977,53
40,true_sex,confounder,categorical_eta,0.032194273329290604,0.032194273329290604,33
48,true_sex,confounder,categorical_eta,0.031139186206175725,0.031139186206175725,23
70,true_sex,confounder,categorical_eta,0.028415838323694063,0.028415838323694063,82
44,true_sex,confounder,categorical_eta,0.0269567312252721,0.0269567312252721,5
27,true_sex,confounder,categorical_eta,0.024990129723201637,0.024990129723201637,22
93,true_sex,confounder,categorical_eta,0.02319725620724926,0.02319725620724926,68
29,true_sex,confounder,categorical_eta,0.021437196038501537,0.021437196038501537,49
90,true_sex,confounder,categorical_eta,0.02014794663096715,0.02014794663096715,59
67,true_sex,confounder,categorical_eta,0.018023146352792573,0.018023146352792573,51
81,true_sex,confounder,categorical_eta,0.017722464118888434,0.017722464118888434,3
8,true_sex,confounder,categorical_eta,0.017603471419845897,0.017603471419845897,39
37,true_sex,confounder,categorical_eta,0.017169855495978565,0.017169855495978565,64
96,true_sex,confounder,categorical_eta,0.016961520262435067,0.016961520262435067,4
0,true_sex,confounder,categorical_eta,0.01453170013107258,0.01453170013107258,41
89,true_sex,confounder,categorical_eta,0.014215324331972312,0.014215324331972312,76
46,true_sex,confounder,categorical_eta,0.01410147854640206,0.01410147854640206,35
50,true_sex,confounder,categorical_eta,0.013993567850051122,0.013993567850051122,95
33,true_sex,confounder,categorical_eta,0.013705847841547821,0.013705847841547821,47
61,true_sex,confounder,categorical_eta,0.012628689972400204,0.012628689972400204,79
78,true_sex,confounder,categorical_eta,0.011990787376282478,0.011990787376282478,12
83,true_sex,confounder,categorical_eta,0.010192557789595987,0.010192557789595987,28
75,true_sex,confounder,categorical_eta,0.005266033887028047,0.005266033887028047,16
47,true_sex,confounder,categorical_eta,0.004196594791135298,0.004196594791135298,54
57,true_sex,confounder,categorical_eta,0.0031365554772543507,0.0031365554772543507,18
