n,true_ate,predicted_ate,ate_bias,pehe,ite_mae,ite_r2,ite_pearson,ite_spearman,predicted_ite_sd,true_ite_sd,high_pdl1_auroc,pdl1_high_vs_low_true_gap,pdl1_high_vs_low_predicted_gap,pdl1_gap_fraction_recovered,oracle_row_ite_interval_coverage,mean_interval_width,r_loss,constant_effect_r_loss,r_loss_improvement_vs_constant,outer_fold,top_k,n_train,n_test,vocabulary_size,n_nuisance_stability_sources,nuisance_source,nuisance_treatment_auroc,nuisance_treatment_brier,nuisance_outcome_auroc,nuisance_outcome_brier,train_constant_effect
200,0.0636716475772448,0.10903244153109198,0.04536079395384718,0.1994043715790917,0.1606413837036805,-0.5178900683248486,0.01118607151315653,-0.05943298582464563,0.10937889732595017,0.16225682559302082,0.5382727412179782,0.3037438706177757,0.03653898118325084,0.12029536961169056,0.62,0.37307779779792966,0.17649861720469165,0.17475108743822765,-0.001747529766464001,1,25,800,200,30000,7,crossfit_logistic_stack,0.8315509693558474,0.16680605487075403,0.8252986132199616,0.1679742400210434,0.10701546657063286
200,0.041966762874018515,0.13049244007650723,0.08852567720248872,0.2000979076815325,0.15904336445600753,-0.7411471378255368,0.25246922264415955,0.10360159003975102,0.14194750132730027,0.15202439034601797,0.8106386367255933,0.25949169728145793,0.18583620974616438,0.7161547428802585,0.62,0.37699870829171206,0.14626727149428612,0.14834178154795524,0.0020745100536691263,2,25,800,200,30000,7,crossfit_logistic_stack,0.8370712071207121,0.16350340538500213,0.8084986302759741,0.1757593307294212,0.13562594781395462
200,0.0707176936638699,0.09464765736337835,0.02392996369950845,0.22618893119119104,0.174815210430985,-0.8979824972083732,0.07237233515719381,-0.014860871521788046,0.16648808683753485,0.16459388887860382,0.5621333333333333,0.2715284187719959,0.05353851507596796,0.19717462841679415,0.63,0.399344090401643,0.1729059343268171,0.16547954797569442,-0.0074263863511226935,3,25,800,200,30000,7,crossfit_logistic_stack,0.8417481203007519,0.15996173122504395,0.8211485881962823,0.1720621112360378,0.1034685818937368
200,0.06681810834279628,0.12907738775092148,0.0622592794081252,0.20037464906270058,0.16397053464126243,-0.41918947700533304,0.15473109318737185,0.08326708167704193,0.11938522249591589,0.16862076031577503,0.6270967741935485,0.29706086228890444,0.052010555403220846,0.17508383636427458,0.575,0.36063053973108083,0.18418634415465696,0.1857039218144692,0.0015175776598122526,4,25,800,200,30000,7,crossfit_logistic_stack,0.8378474763969443,0.16133085561468352,0.8330492424242425,0.16562428652517816,0.11771293633611368
200,0.07054501733523426,0.17106415959695082,0.10051914226171656,0.22424882427972245,0.18235001289461877,-0.8235849219229034,0.21022718542839097,0.1822500562514063,0.15287711579634555,0.16647753550521022,0.689539627039627,0.3039826457662299,0.10441625889047296,0.34349414463209726,0.635,0.3912518371584751,0.17619210357750908,0.1726423881264772,-0.0035497154510318873,5,25,800,200,30000,7,crossfit_logistic_stack,0.840168776371308,0.16183759420163946,0.821565779462899,0.17192935041756136,0.16366176595345236
200,0.0636716475772448,0.11814525839379315,0.05447361081654835,0.1954171843906817,0.15825957498670598,-0.4577950530584276,-0.02586014796682511,-0.04897772444311108,0.09113406204453363,0.16225682559302082,0.48535051388249734,0.3037438706177757,0.004061468162535831,0.013371358422065705,0.57,0.3210311031988738,0.17883492590371516,0.17475108743822765,-0.004083838465487516,1,50,800,200,30000,7,crossfit_logistic_stack,0.8315509693558474,0.16680605487075403,0.8252986132199616,0.1679742400210434,0.10701546657063286
200,0.041966762874018515,0.1359086410095981,0.09394187813557958,0.19545901315148204,0.15625414895857134,-0.6613524712507406,0.21199832611756525,0.0723318082952074,0.11856587856116434,0.15202439034601797,0.7943940117853161,0.25949169728145793,0.1457561760223099,0.561698804043874,0.625,0.36697773519824023,0.14604630202403332,0.14834178154795524,0.0022954795239219228,2,50,800,200,30000,7,crossfit_logistic_stack,0.8370712071207121,0.16350340538500213,0.8084986302759741,0.1757593307294212,0.13562594781395462
200,0.0707176936638699,0.10798876027162764,0.03727106660775774,0.1969397272546766,0.15533990316775412,-0.43885215153369517,0.12578702102466616,-0.016392409810245256,0.1252099567227556,0.16459388887860382,0.6066666666666667,0.2715284187719959,0.06665287934545801,0.24547294035335154,0.64,0.3458013280583683,0.17102736999780696,0.16547954797569442,-0.005547822022112542,3,50,800,200,30000,7,crossfit_logistic_stack,0.8417481203007519,0.15996173122504395,0.8211485881962823,0.1720621112360378,0.1034685818937368
200,0.06681810834279628,0.12008386762584909,0.05326575928305281,0.19148999525714086,0.15822633452772802,-0.29612536446663884,0.10107569121854897,0.008268206705167631,0.09358561693398786,0.16862076031577503,0.5562724014336917,0.29706086228890444,0.02603044160651423,0.08762662777568628,0.62,0.3459563804342721,0.1851831139770229,0.1857039218144692,0.0005208078374463188,4,50,800,200,30000,7,crossfit_logistic_stack,0.8378474763969443,0.16133085561468352,0.8330492424242425,0.16562428652517816,0.11771293633611368
200,0.07054501733523426,0.15677614586011504,0.08623112852488078,0.19300772493496085,0.15702213254408334,-0.3508745699833591,0.32179872379792335,0.26918172954323866,0.12513496823305362,0.16647753550521022,0.75495337995338,0.3039826457662299,0.11569058257833725,0.3805828529675544,0.61,0.369005780239933,0.1707802358707284,0.1726423881264772,0.001862152255748789,5,50,800,200,30000,7,crossfit_logistic_stack,0.840168776371308,0.16183759420163946,0.821565779462899,0.17192935041756136,0.16366176595345236
200,0.0636716475772448,0.10758737959834505,0.043915732021100246,0.18000402590895803,0.14406284323576746,-0.23690232523577603,0.016082393451516398,-0.03195829895747394,0.06822593707951753,0.16225682559302082,0.5422610829881884,0.3037438706177757,0.018742159808187983,0.0617038288544518,0.595,0.30823872163893273,0.17587262740028908,0.17475108743822765,-0.0011215399620614352,1,100,800,200,30000,7,crossfit_logistic_stack,0.8315509693558474,0.16680605487075403,0.8252986132199616,0.1679742400210434,0.10701546657063286
200,0.041966762874018515,0.14091077002318678,0.09894400714916826,0.18911760332930888,0.15669103212417215,-0.5553004198926492,0.20315751266199644,0.08576764419110477,0.09372233290322242,0.15202439034601797,0.7829272177098264,0.25949169728145793,0.10894760933359632,0.41985007796001345,0.61,0.35006538096227885,0.14690345195952953,0.14834178154795524,0.001438329588425713,2,100,800,200,30000,7,crossfit_logistic_stack,0.8370712071207121,0.16350340538500213,0.8084986302759741,0.1757593307294212,0.13562594781395462
200,0.0707176936638699,0.09881539829432925,0.028097704630459353,0.17798215647711788,0.13752348836549774,-0.17517470592653783,0.13892702141768215,0.022568064201605044,0.08976283365677315,0.16459388887860382,0.6309333333333333,0.2715284187719959,0.050772374780141113,0.18698733270632342,0.64,0.326794771264166,0.17033191412518817,0.16547954797569442,-0.0048523661494937476,3,100,800,200,30000,7,crossfit_logistic_stack,0.8417481203007519,0.15996173122504395,0.8211485881962823,0.1720621112360378,0.1034685818937368
200,0.06681810834279628,0.1047450685036368,0.03792696016084052,0.18032998053067426,0.14262370889839593,-0.14945164045438042,0.09136784164039131,-0.03512487812195305,0.07055205524835087,0.16862076031577503,0.5845161290322581,0.29706086228890444,0.03350955114057699,0.11280365539364628,0.625,0.3072239185147658,0.18670940297027733,0.1857039218144692,-0.001005481155808119,4,100,800,200,30000,7,crossfit_logistic_stack,0.8378474763969443,0.16133085561468352,0.8330492424242425,0.16562428652517816,0.11771293633611368
200,0.07054501733523426,0.16277167624935057,0.09222665891411631,0.1953353339527852,0.1679852300099621,-0.3836532319341659,0.1765613891867699,0.12057901447536189,0.08369212406569734,0.16647753550521022,0.6882284382284382,0.3039826457662299,0.06695708477996332,0.22026614253319893,0.475,0.31309844038772194,0.1714343227784304,0.1726423881264772,0.001208065348046794,5,100,800,200,30000,7,crossfit_logistic_stack,0.840168776371308,0.16183759420163946,0.821565779462899,0.17192935041756136,0.16366176595345236
200,0.0636716475772448,0.11142592804726138,0.04775428047001658,0.176527963974751,0.14340524179314607,-0.18959188624627488,0.025428090523509937,0.027435685892147305,0.056246224013336524,0.16225682559302082,0.5646571560055222,0.3037438706177757,0.01187636679733746,0.03909993894916288,0.54,0.27107431838393714,0.17684681566814406,0.17475108743822765,-0.0020957282299164104,1,200,800,200,30000,7,crossfit_logistic_stack,0.8315509693558474,0.16680605487075403,0.8252986132199616,0.1679742400210434,0.10701546657063286
200,0.041966762874018515,0.13854669929723237,0.09657993642321386,0.1831094533878119,0.15597413407471383,-0.4580482994818451,0.15645630231001548,0.00016500412510312763,0.0659434715617971,0.15202439034601797,0.7138079311992356,0.25949169728145793,0.06669905641042904,0.25703734304101394,0.495,0.27904138641515014,0.14551866616684475,0.14834178154795524,0.0028231153811104914,2,200,800,200,30000,7,crossfit_logistic_stack,0.8370712071207121,0.16350340538500213,0.8084986302759741,0.1757593307294212,0.13562594781395462
200,0.0707176936638699,0.10223942458181379,0.031521730917943885,0.16601529796907052,0.13115560541269786,-0.022458582524761406,0.22308901379824073,0.08602265056626417,0.06767240246484964,0.16459388887860382,0.6569333333333333,0.2715284187719959,0.04323755131492943,0.15923766473680337,0.675,0.33379404866128626,0.16650811908340493,0.16547954797569442,-0.001028571107710513,3,200,800,200,30000,7,crossfit_logistic_stack,0.8417481203007519,0.15996173122504395,0.8211485881962823,0.1720621112360378,0.1034685818937368
200,0.06681810834279628,0.1192002310351519,0.05238212269235562,0.1816377830238924,0.14940569477411078,-0.16618437372743933,0.0688384420689924,-0.005032625815645392,0.05745707012852875,0.16862076031577503,0.6048745519713262,0.29706086228890444,0.02813430408728014,0.09470888851025526,0.545,0.2963211557951776,0.18655763906262984,0.1857039218144692,-0.0008537172481606348,4,200,800,200,30000,7,crossfit_logistic_stack,0.8378474763969443,0.16133085561468352,0.8330492424242425,0.16562428652517816,0.11771293633611368
200,0.07054501733523426,0.15812965040086766,0.0875846330656334,0.19418924453489542,0.16740471438987697,-0.3674642696220056,0.07997325453232804,-0.015688892222305562,0.06480964890284736,0.16647753550521022,0.6368006993006993,0.3039826457662299,0.04542640781079768,0.1494375038953102,0.465,0.30501077223159345,0.17007168577252824,0.1726423881264772,0.0025707023539489615,5,200,800,200,30000,7,crossfit_logistic_stack,0.840168776371308,0.16183759420163946,0.821565779462899,0.17192935041756136,0.16366176595345236
200,0.0636716475772448,0.11573455030877146,0.05206290273152665,0.1789324356008044,0.14720292624969888,-0.22221923989141712,-0.05481366233753253,-0.035702392559814,0.04772202744101508,0.16225682559302082,0.49256020862095407,0.3037438706177757,0.0009997865270961886,0.0032915446987053674,0.49,0.2696104966649749,0.1758564333096989,0.17475108743822765,-0.0011053458714712638,1,400,800,200,30000,7,crossfit_logistic_stack,0.8315509693558474,0.16680605487075403,0.8252986132199616,0.1679742400210434,0.10701546657063286
200,0.041966762874018515,0.14309012668807575,0.10112336381405723,0.17682886434459127,0.15612975660612613,-0.35974256822715756,0.2914797366605962,0.10976974424360611,0.0449401239019008,0.15202439034601797,0.8173275999362954,0.25949169728145793,0.06216481137821847,0.2395637780687501,0.425,0.260998953023934,0.14570327772428662,0.14834178154795524,0.00263850382366862,2,400,800,200,30000,7,crossfit_logistic_stack,0.8370712071207121,0.16350340538500213,0.8084986302759741,0.1757593307294212,0.13562594781395462
200,0.0707176936638699,0.1019134494998951,0.0311957558360252,0.16616990174594531,0.13143846029157402,-0.024363823373960924,0.16533216290653224,0.05675241881047027,0.04776765098304981,0.16459388887860382,0.6341333333333333,0.2715284187719959,0.026856866943899244,0.09890996701325441,0.595,0.2877472117726535,0.16651230694058508,0.16547954797569442,-0.001032758964890662,3,400,800,200,30000,7,crossfit_logistic_stack,0.8417481203007519,0.15996173122504395,0.8211485881962823,0.1720621112360378,0.1034685818937368
200,0.06681810834279628,0.12797415899345513,0.06115605065065885,0.17880073758516002,0.15287442056243425,-0.13003903300809871,0.13099700616221016,0.09119927998199957,0.042739569056452834,0.16862076031577503,0.6242293906810036,0.29706086228890444,0.020437056529442027,0.06879753991142096,0.48,0.2769957160308937,0.18767287186264675,0.1857039218144692,-0.0019689500481775424,4,400,800,200,30000,7,crossfit_logistic_stack,0.8378474763969443,0.16133085561468352,0.8330492424242425,0.16562428652517816,0.11771293633611368
200,0.07054501733523426,0.16108862177897484,0.09054360444374059,0.19206986670387174,0.17038947824670192,-0.33777819551587407,0.06225869560853446,-0.0036015900397509946,0.045429334514117174,0.16647753550521022,0.6284965034965035,0.3039826457662299,0.02512415027063583,0.08264994933282119,0.415,0.2936495897208751,0.17234955086026868,0.1726423881264772,0.0002928372662085177,5,400,800,200,30000,7,crossfit_logistic_stack,0.840168776371308,0.16183759420163946,0.821565779462899,0.17192935041756136,0.16366176595345236
