epoch,train_loss,train_auroc_y0,train_auroc_y1,train_auroc_prop,val_loss,val_auroc_y0,val_auroc_y1,val_auroc_prop,fold
1,1.3100358618630303,0.3594276094276095,0.5446840026333113,0.5088210926458404,1.1796244442462922,0.6527777777777779,0.558139534883721,0.5462184873949579,1
2,1.1664546913570828,0.5690235690235691,0.486353412332675,0.49950046298552564,1.179491972923279,0.5833333333333333,0.5697674418604651,0.5088702147525677,1
3,1.1580098940266503,0.5549242424242424,0.5140580425718675,0.5347117305911595,1.1839679062366486,0.5972222222222221,0.5965116279069766,0.48459383753501395,1
4,1.1581904305352104,0.5311447811447811,0.5118499012508229,0.5522929967347338,1.175319677591324,0.5694444444444444,0.622093023255814,0.49579831932773116,1
5,1.1457794467608133,0.5452441077441077,0.5082839587447883,0.5434719040888933,1.2236360311508179,0.513888888888889,0.6046511627906976,0.46311858076563955,1
6,1.1417160934872097,0.5406144781144782,0.5059455233706386,0.5685218577903407,1.2257177233695984,0.5,0.5558139534883721,0.5004668534080299,1
7,1.138706899351544,0.5698653198653199,0.5341370419135396,0.5838369316243481,1.2102178394794465,0.5416666666666667,0.6058139534883721,0.44164332399626516,1
8,1.1387248582310148,0.5050505050505051,0.5014126618389291,0.5773612261806131,1.2403475046157837,0.5,0.5976744186046512,0.4332399626517274,1
9,1.1283542884720696,0.5795454545454546,0.5566436251920123,0.6135045567522783,1.2097452580928802,0.5138888888888888,0.5662790697674419,0.41923436041083095,1
10,1.1312554604477352,0.5523989898989898,0.5542846170726355,0.6241410400116966,1.2166987776756286,0.513888888888889,0.5895348837209302,0.42110177404295057,1
11,1.1223268356588152,0.5551346801346801,0.5498889071757735,0.6523344217554462,1.2280469596385957,0.49999999999999994,0.5906976744186047,0.4239028944911297,1
12,1.1142615808380976,0.5814393939393939,0.5834019091507572,0.6654076709391296,1.539134669303894,0.45833333333333337,0.49767441860465117,0.4565826330532213,1
13,1.1175537268320719,0.5637626262626262,0.5505678077682685,0.6653954871095082,2.7289703845977784,0.4861111111111111,0.5790697674418606,0.41363211951447243,1
14,1.1124013900756835,0.5829124579124579,0.5941545973228002,0.658596910180808,1.5215854167938232,0.4861111111111111,0.49767441860465117,0.45938375350140054,1
15,1.10660127931171,0.6319444444444444,0.6038786482334869,0.6840123787708952,1.3062167286872863,0.5833333333333333,0.5906976744186045,0.4005602240896358,1
16,1.0935672528213924,0.6098484848484849,0.6001412661838929,0.6985720551683805,1.3770719349384308,0.4444444444444445,0.5906976744186047,0.4024276377217554,1
17,1.0933409651120505,0.55513468013468,0.6246502633311388,0.7126078268921487,1.4675245404243469,0.5694444444444444,0.6209302325581395,0.4126984126984127,1
18,1.1024025771352979,0.5744949494949495,0.6195002194426158,0.6991325113309614,1.4565716147422791,0.48611111111111116,0.5802325581395349,0.4369747899159664,1
19,1.064666516913308,0.6340488215488216,0.6129580864603906,0.7535333105901847,2.1354710042476652,0.5972222222222222,0.6511627906976744,0.4098972922502334,1
20,1.0682738973034753,0.6731902356902357,0.625768049155146,0.7201983527462352,1.527385550737381,0.5138888888888888,0.6534883720930232,0.4089635854341737,1
21,1.0602294319205814,0.6338383838383839,0.639195194206715,0.7454310638920025,1.816655695438385,0.375,0.6244186046511628,0.42110177404295057,1
22,1.0454803513156044,0.6136363636363636,0.6521011630458635,0.7641697938496028,3.6771741807460785,0.4305555555555556,0.6430232558139535,0.4332399626517274,1
23,1.0293162239922418,0.6399410774410774,0.6540281435154707,0.7880135484185389,4.505053174495697,0.38888888888888884,0.5569767441860465,0.4668534080298786,1
24,1.0437823043929206,0.6454124579124578,0.625603467193329,0.7750560456162581,1.5687321960926055,0.3472222222222222,0.6197674418604651,0.46218487394957986,1
25,1.036152869462967,0.6390993265993267,0.637933399166118,0.7732832984063551,6.091553050279617,0.36111111111111116,0.6058139534883721,0.4407096171802054,1
26,1.0209723482529323,0.618476430976431,0.6626755540926048,0.7959330376724012,3.5415914356708527,0.3194444444444444,0.541860465116279,0.4453781512605043,1
27,1.020582115650177,0.6327861952861953,0.6296494404213299,0.8040718358594474,2.6760854601860045,0.41666666666666663,0.6372093023255814,0.4444444444444444,1
28,1.031801658206516,0.6285774410774411,0.6547756199253896,0.7976265899897657,1.3284193456172944,0.375,0.6069767441860465,0.4547152194211018,1
29,1.0074123905764685,0.6247895622895623,0.6659123326750055,0.7993566937959939,2.666214722394943,0.3472222222222222,0.5546511627906976,0.45004668534080294,1
30,0.9902750220563676,0.6525673400673401,0.6691765415843758,0.8167430186656269,2.6211352705955506,0.38888888888888884,0.6744186046511628,0.3958916900093371,1
31,0.9925404442681207,0.5881734006734006,0.6795177748518763,0.8276840976655784,3.689322167634964,0.41666666666666663,0.6534883720930232,0.40336134453781514,1
32,0.9922261675198872,0.6759259259259259,0.7105140443274085,0.8042911447926313,2.924277400970459,0.3333333333333333,0.6000000000000001,0.4098972922502334,1
33,0.9759979559315576,0.6626683501683501,0.6727081961816984,0.8289268482869535,1.9518670737743378,0.3194444444444444,0.6383720930232558,0.41736694677871145,1
34,0.9774553954601288,0.6186868686868686,0.6923140223831469,0.8295116721087773,6.291252851486206,0.3611111111111111,0.6593023255813953,0.3734827264239029,1
35,0.9731060928768582,0.6117424242424242,0.6910933728330042,0.8287075393537696,4.2653338551521305,0.3888888888888889,0.6302325581395348,0.3781512605042017,1
36,0.9690571639272901,0.6218434343434344,0.6892281105990785,0.8328256737657781,24.932363820075988,0.375,0.6395348837209303,0.36601307189542487,1
37,0.9632580525345272,0.6738215488215489,0.6922043010752689,0.8254910083337396,3.336538726091385,0.375,0.6593023255813955,0.3529411764705882,1
38,0.9853164282110002,0.6826599326599326,0.7051994184770682,0.822944587942882,14.699829918146133,0.3888888888888889,0.65,0.35294117647058826,1
39,1.0089365515444013,0.6186868686868686,0.7080864603906079,0.8331302695063112,3.3117220520973207,0.3472222222222222,0.6151162790697674,0.38468720821661995,1
40,0.9227796326080958,0.6759259259259259,0.7294546850998465,0.856547590038501,1.5398088335990905,0.4305555555555556,0.658139534883721,0.3772175536881419,1
41,0.9352450635698106,0.6527777777777778,0.7269173798551678,0.8460207612456748,1.826975405216217,0.38888888888888884,0.6593023255813952,0.3361344537815126,1
42,0.9314012769195769,0.6672979797979798,0.7306341891595348,0.850991763731176,3.0977236330509186,0.4027777777777778,0.6476744186046511,0.37161531279178334,1
43,0.9433553000291188,0.678030303030303,0.7071675444371297,0.8499926897022272,6.505915778875351,0.38888888888888884,0.6430232558139535,0.36134453781512604,1
44,0.9384478323989445,0.6550925925925926,0.7252029844195744,0.8367610507334664,1.5690500080585479,0.4305555555555555,0.6569767441860466,0.3678804855275443,1
45,0.9156313286887274,0.6338383838383838,0.7218564845292955,0.8685973975339929,2.2617239117622376,0.375,0.6337209302325582,0.34547152194211017,1
46,0.9133801894055472,0.6746632996632996,0.7307164801404432,0.8591427457478433,2.5682884216308595,0.3888888888888889,0.6325581395348837,0.36134453781512604,1
47,0.913761474026574,0.7068602693602694,0.7427583936800526,0.8538001364588919,6.874427884817123,0.4444444444444444,0.6465116279069768,0.35014005602240894,1
48,0.9179756644699308,0.6357323232323232,0.7214861751152074,0.8719479506798578,2.9655741751194,0.4444444444444444,0.6476744186046511,0.3837535014005602,1
49,0.9109320309427049,0.6544612794612794,0.738863287250384,0.868304985623081,1.9631330490112304,0.4583333333333333,0.6488372093023256,0.365079365079365,1
50,0.9034955789645512,0.6433080808080808,0.7261219003730524,0.8718748477021299,3.8905560791492464,0.4166666666666667,0.663953488372093,0.3398692810457516,1
1,1.3267387085490756,0.4506696428571429,0.5332373941440195,0.49335843070104757,1.1973568975925446,0.2666666666666666,0.5130952380952382,0.5582398619499569,2
2,1.1537385907438067,0.41473214285714277,0.46074334421874136,0.521920326349718,1.204623919725418,0.3333333333333333,0.5214285714285715,0.5470232959447799,2
3,1.1320765972137452,0.41785714285714287,0.49398073836276085,0.5629154915390814,1.2105365812778472,0.39999999999999997,0.5095238095238095,0.5936151855047453,2
4,1.1287668506304422,0.46919642857142857,0.4934479991144075,0.5849869057211925,1.2025028944015503,0.39999999999999997,0.49047619047619057,0.5737704918032787,2
5,1.1242821713288624,0.43437499999999996,0.5310649250013838,0.5769288879935536,1.2071366488933564,0.3833333333333333,0.4845238095238096,0.630716134598792,2
6,1.1157375845644208,0.38370535714285714,0.5247135661703659,0.6151163376309428,1.2133406579494477,0.43333333333333335,0.4654761904761905,0.5772217428817946,2
7,1.1186441686418322,0.44308035714285715,0.5432003099573809,0.5896328565672845,1.2073103427886962,0.4666666666666667,0.5083333333333333,0.6151855047454702,2
8,1.1116493278079562,0.4660714285714286,0.5570169369568828,0.6443833098307816,1.2123466193675996,0.43333333333333335,0.5095238095238095,0.5979292493528905,2
9,1.1103749652703603,0.38147321428571423,0.5561866939724359,0.6417959307010476,1.2060279846191406,0.5666666666666667,0.5023809523809524,0.633304572907679,2
10,1.1071333547433218,0.3939732142857143,0.5750124536447667,0.6609463134568896,1.2148337244987488,0.5666666666666667,0.4976190476190477,0.6177739430543572,2
11,1.0919477528995938,0.47566964285714286,0.6011789450379144,0.6831373388396454,1.2188717782497407,0.5833333333333333,0.5011904761904762,0.5893011216566005,2
12,1.0901705079608492,0.46227678571428577,0.6150163281120274,0.6549279814665593,1.226921147108078,0.55,0.49523809523809526,0.5910267471958583,2
13,1.0873200880156624,0.45089285714285715,0.6079039132119334,0.6855547441579372,1.2041756570339204,0.5833333333333333,0.4892857142857143,0.5970664365832613,2
14,1.0732319090101454,0.4428571428571429,0.6341188354458405,0.7110319298952458,1.2316746830940246,0.6,0.4880952380952381,0.635893011216566,2
15,1.069198778602812,0.41874999999999996,0.620343720595561,0.717276893634166,1.3121029317378998,0.6499999999999999,0.5083333333333333,0.6238136324417601,2
16,1.0628685043917763,0.5044642857142858,0.6509104998062766,0.7087907937147462,1.3076472878456116,0.7,0.4964285714285715,0.6117342536669542,2
17,1.0458550771077475,0.478125,0.6458598549842254,0.7470789685737309,1.3329209744930268,0.6666666666666666,0.5119047619047619,0.6082830025884384,2
18,1.0388648053010305,0.41227678571428567,0.6466278297448387,0.7616715350523771,1.5003037393093108,0.6166666666666667,0.5047619047619047,0.6100086281276964,2
19,1.0356923593415155,0.41272321428571435,0.6631427464437925,0.7830630539887187,1.8170043528079987,0.6833333333333333,0.4964285714285715,0.6410698878343399,2
20,1.0511371195316315,0.39665178571428567,0.6447528643382964,0.7696036462530216,1.7651104271411895,0.7166666666666667,0.4642857142857143,0.6505608283002589,2
21,1.0131139000256857,0.4169642857142857,0.6710854043283333,0.7945205479452055,10.301483553647994,0.7,0.4666666666666667,0.6531492666091459,2
22,1.0366873019271428,0.46651785714285715,0.6584241988155201,0.7848005640612409,1.538094836473465,0.7166666666666667,0.5,0.6151855047454702,2
23,0.9855748097101847,0.45848214285714284,0.6906653013782034,0.8191478646253022,4.102365577220917,0.6,0.4952380952380953,0.6013805004314065,2
24,1.0090731994973288,0.4850446428571429,0.6804671500525821,0.8108758058017728,15.364081740379333,0.5333333333333333,0.4845238095238096,0.645383951682485,2
25,0.9588667896058825,0.5078125,0.7235360048707589,0.845940773569702,23.682590222358705,0.4666666666666667,0.5261904761904762,0.7040552200172563,2
26,0.9729697714249294,0.5705357142857143,0.6813665799523994,0.830001007252216,19.062165307998658,0.4666666666666667,0.5285714285714286,0.6496980155306299,2
27,0.9667219407028622,0.5741071428571428,0.7078790059223998,0.8254746676067687,23.79802918434143,0.39999999999999997,0.5202380952380952,0.6919758412424504,2
28,0.9702770011292563,0.5087053571428571,0.7155172413793103,0.8358178887993555,23.853722846508028,0.44999999999999996,0.47857142857142865,0.6893874029335634,2
29,0.9396720227268007,0.5042410714285714,0.721494990867327,0.852500503626108,24.445804566144943,0.48333333333333334,0.5261904761904762,0.7075064710957721,2
30,0.9752449327045016,0.5861607142857143,0.7058725853766534,0.8385878323932313,25.38958141207695,0.4666666666666667,0.5214285714285715,0.6885245901639345,2
31,0.9201450192266041,0.5767857142857142,0.747177173852881,0.8474264705882353,26.878386861085893,0.4833333333333334,0.4928571428571429,0.6747195858498707,2
32,0.9465762827131483,0.5843749999999999,0.7334158963856756,0.846028908138598,23.939259535074235,0.45,0.5095238095238095,0.6893874029335634,2
33,0.9392901407347785,0.5368303571428571,0.7495987158908508,0.8680058924254633,29.84641178846359,0.4666666666666667,0.5071428571428571,0.6773080241587576,2
34,0.8684417674938838,0.5779017857142857,0.7817429567720152,0.8809427880741338,32.23863520622253,0.4,0.49642857142857144,0.6712683347713546,2
35,0.9135972453488244,0.5591517857142858,0.7491835943986274,0.8561014302981467,31.38060792684555,0.43333333333333335,0.5178571428571428,0.6695427092320967,2
36,0.9968632515933779,0.5993303571428571,0.7597553550672497,0.8712605761482676,22.893988078832628,0.5166666666666667,0.530952380952381,0.6755823986194995,2
37,1.2029132939047285,0.5870535714285714,0.746340012176897,0.8804895245769541,30.0939853310585,0.45,0.4773809523809524,0.6919758412424504,2
38,0.8562536650233799,0.5803571428571428,0.76786406154868,0.8956612610797744,30.2128613114357,0.41666666666666663,0.4988095238095238,0.728213977566868,2
39,0.832000141011344,0.5607142857142858,0.7945010239663475,0.8955668311845286,30.10681372284889,0.4333333333333333,0.48333333333333334,0.7109577221742882,2
40,0.8426280942228105,0.5917410714285714,0.8012675042895889,0.8857398267526188,30.14255622625351,0.4666666666666667,0.5011904761904762,0.6712683347713546,2
41,0.885907886756791,0.5223214285714286,0.7678363867825317,0.8761583400483481,30.304920667409895,0.44999999999999996,0.4928571428571429,0.6859361518550473,2
42,0.8463195807403988,0.5515625,0.788440250179886,0.8953213134568896,30.56151976585388,0.4666666666666666,0.5,0.7014667817083693,2
43,0.833657776316007,0.5426339285714286,0.8036060220291138,0.8985067485898468,33.63040393590927,0.45,0.5369047619047619,0.6885245901639345,2
44,0.9116627603769303,0.5522321428571428,0.7907234183871146,0.8807917002417405,29.435941886901855,0.49999999999999994,0.5297619047619048,0.7066436583261433,2
45,0.8232903010315366,0.5703124999999999,0.8177339901477833,0.8955227639000807,29.877657359838487,0.4666666666666667,0.5297619047619048,0.6867989646246765,2
46,0.8627307772636413,0.6024553571428571,0.773136104499917,0.8948554593070105,30.65029307603836,0.44999999999999996,0.5607142857142857,0.6919758412424504,2
47,1.0133332391579946,0.5439732142857143,0.8021115846571096,0.8982801168412571,30.843896061182022,0.45,0.5321428571428571,0.6876617773943055,2
48,0.8087133944034577,0.5993303571428572,0.8331903470415674,0.9054693795326351,32.54753754734993,0.4833333333333333,0.5392857142857143,0.6833477135461605,2
49,0.8158723443746567,0.54375,0.809874356561687,0.9011633763094279,31.15713159441948,0.43333333333333335,0.5238095238095237,0.7187230371009492,2
50,0.9079931500885222,0.6111607142857143,0.8032462500691869,0.8901087832393231,31.074656111001968,0.4666666666666667,0.5023809523809524,0.6962899050905953,2
1,1.3171750313705868,0.5692401960784315,0.49606837606837606,0.49581286549707604,1.0944670379161834,0.20833333333333331,0.413,0.5714285714285714,3
2,1.1684235678778754,0.5298202614379085,0.49435897435897436,0.5215438596491229,1.0510886371135713,0.20833333333333331,0.379,0.5342857142857143,3
3,1.1576662222544352,0.5800653594771242,0.538034188034188,0.5273216374269005,1.0337508082389832,0.25,0.40800000000000003,0.5814285714285714,3
4,1.1579170213805305,0.4583333333333333,0.516531339031339,0.5365497076023392,1.063052499294281,0.24999999999999997,0.365,0.48142857142857143,3
5,1.1475515325864156,0.5339052287581699,0.5355555555555556,0.594842105263158,1.0563475489616394,0.375,0.379,0.5042857142857142,3
6,1.1313104881180658,0.5784313725490196,0.5983190883190883,0.5973684210526315,1.0423194825649262,0.3333333333333333,0.422,0.5957142857142856,3
7,1.1292029751671686,0.5345179738562091,0.5647150997150997,0.6133216374269006,1.0670777797698974,0.4166666666666667,0.414,0.5871428571428572,3
8,1.1293313026428222,0.5326797385620915,0.595997150997151,0.6048304093567252,1.0455365896224975,0.3333333333333333,0.391,0.5057142857142857,3
9,1.1301278399096595,0.5439133986928105,0.6000997150997152,0.6230292397660819,1.0516736328601837,0.375,0.41400000000000003,0.5599999999999999,3
10,1.112574459446801,0.5298202614379085,0.6104700854700855,0.6501345029239766,1.0658295333385468,0.3333333333333333,0.42799999999999994,0.5414285714285715,3
11,1.1088714963859982,0.5502450980392156,0.5981908831908832,0.676140350877193,1.0713309049606323,0.3333333333333333,0.43400000000000005,0.49,3
12,1.0996105101373461,0.5759803921568627,0.6652991452991454,0.6687368421052631,1.0798071265220641,0.2916666666666667,0.42699999999999994,0.47428571428571425,3
13,1.1062446455160777,0.5435049019607843,0.6285897435897436,0.6792748538011696,1.0576664566993714,0.41666666666666663,0.419,0.5714285714285714,3
14,1.0904315286212498,0.605187908496732,0.625128205128205,0.6889941520467836,1.0922319829463958,0.25,0.49,0.5442857142857143,3
15,1.0826338138845233,0.5686274509803921,0.651039886039886,0.6994619883040936,1.0822662115097046,0.20833333333333334,0.468,0.5857142857142856,3
16,1.0704774657885234,0.5910947712418301,0.6477065527065528,0.7136491228070174,1.0903154194355011,0.375,0.45799999999999996,0.5371428571428571,3
17,1.07159750395351,0.5957924836601307,0.6720726495726496,0.7196608187134502,1.0890928030014038,0.2916666666666667,0.46599999999999997,0.5757142857142857,3
18,1.0617522067493863,0.6331699346405228,0.6684615384615384,0.7186666666666668,1.0913084626197815,0.29166666666666663,0.46499999999999997,0.5557142857142857,3
19,1.0474363459481133,0.5843545751633987,0.6879772079772081,0.7430643274853801,1.1417975425720215,0.2916666666666667,0.46599999999999997,0.5657142857142857,3
20,1.0299978991349539,0.647671568627451,0.6976780626780626,0.7601637426900585,1.249787735939026,0.25,0.45599999999999996,0.6028571428571429,3
21,1.0163898799154494,0.6006944444444444,0.7133760683760684,0.7758479532163742,1.4066379189491272,0.25,0.44000000000000006,0.6014285714285714,3
22,1.0294050511386659,0.6025326797385621,0.7092592592592593,0.7683742690058479,1.1119880974292755,0.41666666666666663,0.448,0.56,3
23,1.0141176965501573,0.5835375816993464,0.7181054131054132,0.7673216374269007,1.2068505108356475,0.25,0.45299999999999996,0.5714285714285715,3
24,0.9994894762833914,0.6425653594771242,0.7394301994301994,0.7812046783625732,2.22586185336113,0.2916666666666667,0.43599999999999994,0.58,3
25,1.021638768249088,0.639501633986928,0.7121509971509972,0.7547719298245613,1.3623735368251801,0.20833333333333334,0.436,0.5785714285714285,3
26,0.9989458832475874,0.659109477124183,0.7227777777777779,0.7855555555555555,1.431620228290558,0.2916666666666667,0.42399999999999993,0.5457142857142857,3
27,0.9923951076136694,0.6068218954248366,0.7314529914529916,0.7921988304093567,6.949833339452743,0.20833333333333334,0.396,0.5942857142857144,3
28,0.9757790591981675,0.6254084967320261,0.7519515669515668,0.7911929824561403,1.9492989480495453,0.2916666666666667,0.398,0.5914285714285714,3
29,0.9591890335083008,0.6362336601307189,0.7564672364672365,0.8014736842105263,14.991172456741333,0.20833333333333334,0.43000000000000005,0.6271428571428572,3
30,0.950311549504598,0.6321486928104575,0.764031339031339,0.8125614035087719,8.724677759408952,0.2916666666666667,0.43099999999999994,0.6085714285714285,3
31,0.9374992026223077,0.6386846405228759,0.7576353276353276,0.8312573099415204,9.954167944192886,0.20833333333333334,0.442,0.6285714285714286,3
32,0.9521626055240631,0.6386846405228758,0.7535327635327635,0.8115906432748539,54.15446060299873,0.3333333333333333,0.42200000000000004,0.6128571428571428,3
33,0.9183194312784407,0.65625,0.7916524216524216,0.8283040935672515,32.291211074590684,0.33333333333333337,0.41300000000000003,0.5942857142857143,3
34,0.9088955660661061,0.6274509803921569,0.7932549857549858,0.8327719298245614,154.32647480368615,0.29166666666666663,0.397,0.6314285714285715,3
35,0.8870624244213104,0.6519607843137255,0.8170655270655272,0.8300701754385964,13.452874892950058,0.25,0.433,0.6142857142857143,3
36,0.9053499486711291,0.625,0.79005698005698,0.8375204678362573,154.71187514662742,0.20833333333333334,0.392,0.6271428571428571,3
37,0.8667429619365268,0.7064950980392156,0.8214245014245014,0.851111111111111,42.156478917598726,0.29166666666666663,0.41900000000000004,0.5857142857142856,3
38,0.8688583708471722,0.6781045751633987,0.8300427350427351,0.8457076023391814,13.777876889705658,0.3333333333333333,0.43399999999999994,0.6257142857142858,3
39,0.8883841815921996,0.6828022875816994,0.7978490028490028,0.8439766081871345,106.64383512735367,0.375,0.387,0.6,3
40,0.8714305271704992,0.6993464052287582,0.81002849002849,0.8520526315789474,80.73432689309121,0.3333333333333333,0.4070000000000001,0.6157142857142857,3
41,0.9055938876337475,0.6877042483660131,0.7946153846153847,0.8314619883040935,40.733539855480196,0.375,0.402,0.6314285714285715,3
42,0.8534338583548864,0.7046568627450981,0.818005698005698,0.8571695906432748,155.42620675563813,0.29166666666666663,0.42500000000000004,0.6228571428571428,3
43,0.8597897138860491,0.6748366013071895,0.8207264957264958,0.8523040935672515,55.06713908910751,0.41666666666666663,0.387,0.6199999999999999,3
44,0.8283640172746446,0.7032271241830065,0.8425783475783475,0.8603040935672515,60.500399923324586,0.33333333333333337,0.431,0.6399999999999999,3
45,0.8428120182620155,0.6427696078431373,0.8323789173789173,0.8687953216374268,5.36780823469162,0.45833333333333326,0.428,0.6200000000000001,3
46,0.8253971252176496,0.6662581699346405,0.8512250712250713,0.8659766081871345,10.36447560787201,0.375,0.414,0.5957142857142858,3
47,0.8417524615923564,0.698937908496732,0.8250997150997151,0.8640350877192983,140.72616025209427,0.41666666666666663,0.406,0.6028571428571428,3
48,0.832073399093416,0.7285539215686275,0.8466452991452992,0.8610526315789474,24.117894035577773,0.375,0.42000000000000004,0.63,3
49,0.8235198944807053,0.7085375816993464,0.8461538461538463,0.8687485380116959,155.5892114162445,0.41666666666666663,0.433,0.6328571428571428,3
50,0.8127580099635654,0.639297385620915,0.8553988603988604,0.872140350877193,155.9429638147354,0.41666666666666663,0.405,0.6342857142857143,3
1,1.317987757921219,0.4825268817204301,0.456484040153395,0.544690650301939,1.1689880549907685,0.6000000000000001,0.5274841437632135,0.49128205128205127,4
2,1.156214757098092,0.4908154121863799,0.5135771486577938,0.5052119697693505,1.1343042612075807,0.42,0.5739957716701902,0.521025641025641,4
3,1.140459868643019,0.5598118279569892,0.4788094969546582,0.5446539031590293,1.1359209775924684,0.36,0.5539112050739957,0.5394871794871795,4
4,1.132710293928782,0.4905913978494624,0.5016636589217234,0.5384436360073005,1.1368651390075684,0.46,0.5200845665961945,0.5394871794871795,4
5,1.118589735031128,0.5073924731182796,0.5585946311752763,0.5883830032214996,1.142512845993042,0.44,0.5126849894291755,0.5035897435897436,4
6,1.1257542974419064,0.5598118279569892,0.5532511842995714,0.561508592706917,1.1415638089179994,0.52,0.5021141649048626,0.4953846153846154,4
7,1.1153053568469153,0.58915770609319,0.5790237987818632,0.6145347199255258,1.1442954301834107,0.5,0.5052854122621564,0.5076923076923077,4
8,1.111748508612315,0.5943100358422938,0.5807861493345364,0.6005340584769534,1.1448719024658203,0.44,0.4978858350951375,0.49641025641025643,4
9,1.1136902610460917,0.551747311827957,0.590105459057072,0.5961488994230698,1.1575074911117553,0.5800000000000001,0.48625792811839325,0.4912820512820513,4
10,1.0957415368821886,0.6023745519713262,0.5955757951725693,0.6536826761719275,1.1573086321353911,0.5,0.49260042283298094,0.5087179487179487,4
11,1.0876649969153933,0.585125448028674,0.6206293706293706,0.6817697424025282,1.1563072085380555,0.36,0.522198731501057,0.49743589743589745,4
12,1.0804688718583848,0.6066308243727598,0.6211369275885404,0.6854934528840384,1.1673772275447845,0.52,0.5105708245243128,0.49435897435897436,4
13,1.0752284540070427,0.5945340501792116,0.6254229641326416,0.69786499099695,1.1813447177410126,0.56,0.49471458773784355,0.48820512820512824,4
14,1.0777770257658428,0.5889336917562724,0.6139888337468983,0.6959541395656488,1.178101122379303,0.56,0.48202959830866804,0.5097435897435898,4
15,1.064222005340788,0.6012544802867383,0.6502650575231221,0.7079827043447371,1.177371335029602,0.52,0.4725158562367865,0.5035897435897436,4
16,1.0642110930548774,0.6137992831541219,0.6292296413264156,0.7080745722020112,1.180695515871048,0.52,0.4756871035940803,0.515897435897436,4
17,1.0465230895413293,0.65165770609319,0.6337201105346266,0.7363514986709783,1.2177983582019807,0.54,0.4492600422832981,0.5128205128205129,4
18,1.034229326248169,0.6180555555555557,0.6544101060230092,0.7549149303641641,1.2365497469902038,0.62,0.4439746300211416,0.5015384615384615,4
19,1.0288499852021535,0.6438172043010753,0.6565108278817956,0.7484168105929765,1.231587141752243,0.5,0.4693446088794926,0.5076923076923077,4
20,1.022614296939638,0.6798835125448028,0.6403535980148883,0.7637832408530238,1.2526570379734039,0.46,0.48414376321353064,0.4871794871794872,4
21,1.0063566393322414,0.6689068100358422,0.657236916309497,0.7830693663567657,1.2642899751663208,0.5,0.4429175475687104,0.5148717948717949,4
22,1.0029822491937213,0.6543458781362007,0.6658160387999098,0.7948651992307598,1.2693186342716216,0.52,0.42177589852008457,0.5148717948717949,4
23,1.02003666361173,0.6832437275985663,0.6753750281976088,0.759171474417864,1.3011223912239074,0.48000000000000004,0.4397463002114165,0.515897435897436,4
24,0.9912980165746477,0.6715949820788529,0.6914053688247237,0.7855926701698944,1.3982556223869325,0.52,0.4439746300211417,0.5271794871794873,4
25,0.9933724118603601,0.7067652329749105,0.6598099481163997,0.7772510687294063,1.308354139328003,0.52,0.4355179704016914,0.5230769230769231,4
26,0.9893462942706214,0.678763440860215,0.7032201669298443,0.7719594801504182,1.3089224636554717,0.5,0.41120507399577166,0.4984615384615385,4
27,0.9731521414385902,0.7184139784946236,0.6698482968644259,0.8043949582919929,1.4138174831867218,0.54,0.40486257928118397,0.5241025641025641,4
28,0.967157460252444,0.6863799283154123,0.7125747236634334,0.7936280454194686,1.4336870551109313,0.54,0.4418604651162791,0.5394871794871795,4
29,0.9590118530723784,0.6845878136200717,0.7127086623054364,0.8087923663935129,1.3855666279792787,0.52,0.4154334038054968,0.516923076923077,4
30,0.9565072374211417,0.6980286738351255,0.6933933002481389,0.8110584402062739,1.3881829023361205,0.52,0.4302325581395348,0.515897435897436,4
31,0.9604514929983351,0.6995967741935485,0.7316151590345139,0.7924521368463602,1.4656077444553375,0.52,0.394291754756871,0.5302564102564103,4
32,0.9452036062876383,0.6673387096774194,0.7102131739228513,0.8286480726123544,1.4455895602703095,0.52,0.42283298097251587,0.5148717948717949,4
33,0.9134018964237637,0.744399641577061,0.7502396796751636,0.8345888607160794,1.4380529403686524,0.52,0.4323467230443974,0.5107692307692309,4
34,0.9367052124606239,0.7202060931899642,0.7270048499887211,0.8128590502088464,1.446074092388153,0.52,0.4471458773784355,0.5015384615384615,4
35,0.9235225157605277,0.7291666666666666,0.7406242950597789,0.8396354683423364,1.4342344939708709,0.54,0.46934460887949264,0.4933333333333333,4
36,0.8920563512378269,0.7275985663082438,0.7392849086397473,0.8466296745428044,1.5551179468631744,0.56,0.4038054968287526,0.52,4
37,0.9110659771495395,0.7302867383512545,0.7600101511391834,0.8225970430799006,1.5843878865242005,0.62,0.4154334038054968,0.5415384615384615,4
38,0.8992840435769823,0.6904121863799283,0.7336735844800361,0.8595095481326327,1.4450072765350341,0.52,0.4429175475687104,0.523076923076923,4
39,0.8842900640434689,0.7497759856630825,0.7557523122039251,0.8474871078773625,1.6412254512310027,0.52,0.4439746300211417,0.5343589743589743,4
40,0.9057693680127462,0.7123655913978495,0.772515790660952,0.8277048959443403,1.544421762228012,0.54,0.4429175475687104,0.5343589743589744,4
41,0.8670002079672283,0.6883960573476703,0.76017933679224,0.8689106921936819,1.508050364255905,0.52,0.4482029598308668,0.5148717948717949,4
42,0.8880921903583738,0.6745071684587814,0.7603062260320325,0.8470645157339017,1.5776704549789429,0.52,0.44714587737843553,0.5076923076923077,4
43,0.8592859731780158,0.7291666666666666,0.7806930972253553,0.869988608385698,1.5991891145706176,0.56,0.4090909090909091,0.5343589743589744,4
44,0.8768185598982705,0.7788978494623656,0.7527069704489059,0.8523009835985251,1.5394092738628387,0.54,0.46617336152219874,0.49128205128205127,4
45,0.8820173197322422,0.7500000000000001,0.7618570945183849,0.8522152402650696,1.6096424281597137,0.52,0.42071881606765327,0.5364102564102564,4
46,0.8558928079075283,0.7437275985663083,0.7724593954432664,0.868892318622227,1.6395660519599915,0.54,0.41649048625792817,0.5138461538461538,4
47,0.8820342365238402,0.7217741935483871,0.76760940672231,0.846329572875709,1.5663534343242644,0.56,0.4260042283298098,0.5353846153846153,4
48,0.8378589987754822,0.7793458781362007,0.7870798556282428,0.8733693455333847,1.595070219039917,0.56,0.40909090909090906,0.49128205128205127,4
49,0.8631789836618635,0.7314068100358423,0.7711059102188134,0.8576048212251497,1.6625278890132904,0.5,0.42600422832980966,0.5117948717948718,4
50,0.8596793572107951,0.7634408602150538,0.7778592375366569,0.8765908450617965,1.5372376501560212,0.5800000000000001,0.41754756871035936,0.5025641025641026,4
1,1.3077134350935617,0.410727969348659,0.47650915606716704,0.5792233560090703,1.0499435663223267,0.2380952380952381,0.5589080459770115,0.5271428571428571,5
2,1.1422009918424818,0.5024265644955299,0.52769896968792,0.5194418676561534,0.952526181936264,0.2380952380952381,0.5416666666666667,0.5314285714285715,5
3,1.1295362446043227,0.45185185185185184,0.4806222596277845,0.5263734281591423,0.9593881487846374,0.2380952380952381,0.5589080459770115,0.5942857142857143,5
4,1.11375859313541,0.524904214559387,0.5182510486377889,0.5551303854875284,0.9490019977092743,0.2380952380952381,0.5502873563218391,0.6100000000000001,5
5,1.1220200207498339,0.41200510855683276,0.5151017416210786,0.5213100391671821,0.9465483069419861,0.19047619047619047,0.5660919540229885,0.6442857142857142,5
6,1.1064570777946048,0.46922094508301404,0.4942511572345827,0.5982400535971963,0.9488244712352752,0.19047619047619047,0.5459770114942529,0.6571428571428573,5
7,1.1087919857766892,0.47381864623243936,0.5396717661911032,0.57076504844362,0.960225397348404,0.14285714285714285,0.5589080459770115,0.6471428571428571,5
8,1.1095238930649227,0.5757343550446998,0.4915633865910109,0.5970676149247578,0.9520512223243713,0.14285714285714285,0.5545977011494253,0.66,5
9,1.1012630734178754,0.5486590038314176,0.5435812507635712,0.6377035662749948,0.9558005511760712,0.14285714285714285,0.5560344827586207,0.68,5
10,1.0928920620017581,0.5162196679438059,0.5489567920507147,0.6679164089878376,0.9533769309520721,0.14285714285714285,0.5459770114942528,0.6628571428571429,5
11,1.0975800467862022,0.45644955300127715,0.557658110144298,0.6385539064110493,0.9542381227016449,0.14285714285714285,0.5574712643678161,0.6914285714285714,5
12,1.0908984548515743,0.5369093231162196,0.5880109139777647,0.6631493506493507,0.9449899911880493,0.33333333333333337,0.5675287356321839,0.6857142857142857,5
13,1.0815253555774689,0.5673052362707535,0.6039474934502558,0.6787904555761699,0.9522901237010956,0.33333333333333337,0.5775862068965517,0.6871428571428572,5
14,1.0800737685627408,0.5392081736909323,0.5764317808516704,0.7058596165739023,0.9571132004261017,0.380952380952381,0.5790229885057471,0.6885714285714285,5
15,1.0679721501138475,0.5098339719029374,0.6223003515821195,0.6853999175427746,0.9515771210193634,0.33333333333333337,0.5775862068965517,0.6885714285714286,5
16,1.0595857361952463,0.5780332056194125,0.6130967733177677,0.7238713667285095,0.9413892745971679,0.4285714285714286,0.6163793103448276,0.7128571428571429,5
17,1.0601323670811122,0.6120051085568328,0.6347346844584414,0.698747680890538,0.9571229577064514,0.5714285714285714,0.5675287356321839,0.627142857142857,5
18,1.04507723848025,0.5192848020434228,0.6153230075882009,0.7486020923520923,0.9836292088031768,0.33333333333333337,0.5933908045977011,0.6714285714285715,5
19,1.0420021663109462,0.5660280970625798,0.6300514477310057,0.7319753659039373,0.9496899902820587,0.380952380952381,0.5933908045977011,0.7228571428571428,5
20,1.0387726108233133,0.5491698595146871,0.6100424884955271,0.7830344258915688,0.9310738563537597,0.5714285714285714,0.6264367816091955,0.7085714285714285,5
21,1.0142329414685567,0.5458492975734355,0.631598952040941,0.7872861265718409,0.9340819358825684,0.6190476190476191,0.610632183908046,0.7371428571428572,5
22,1.0152176704671647,0.5821200510855683,0.6623725684499164,0.7632833436404864,0.9638929247856141,0.6666666666666667,0.5890804597701149,0.6871428571428572,5
23,1.0100422077708775,0.5821200510855684,0.6665399704073738,0.7801290970933829,0.94329714179039,0.6190476190476191,0.6063218390804598,0.7114285714285715,5
24,0.9800396386120055,0.6186462324393358,0.6442369039054122,0.8116496598639455,0.9645270466804504,0.5714285714285714,0.6120689655172413,0.7042857142857144,5
25,0.9725798295603858,0.6140485312899105,0.6804064235003462,0.8235286538857968,0.9958824068307877,0.380952380952381,0.603448275862069,0.65,5
26,0.9776469270388285,0.5721583652618135,0.6578929507106301,0.8276515151515151,1.0303456246852876,0.5238095238095238,0.6479885057471264,0.6671428571428573,5
27,0.9721048997508155,0.5713920817369094,0.65473006909471,0.83356524427953,1.345763051509857,0.4285714285714286,0.6810344827586207,0.6785714285714286,5
28,0.9453784783681234,0.5670498084291188,0.6633906633906634,0.8600030921459492,1.009413868188858,0.5714285714285714,0.6350574712643678,0.6757142857142856,5
29,0.9431855877240499,0.5777777777777778,0.7043452292071076,0.8483302411873839,0.9991698443889618,0.4761904761904762,0.6221264367816093,0.65,5
30,0.9197086993190977,0.6324393358876117,0.6952638223356455,0.8650535971964544,1.091340708732605,0.5238095238095238,0.6379310344827587,0.6785714285714285,5
31,0.9171779016653697,0.5910600255427843,0.6964855362645418,0.8547206761492475,1.0504049599170684,0.5714285714285714,0.6867816091954023,0.6614285714285714,5
32,0.9023090637392468,0.5642401021711366,0.7130736964991109,0.8672825190682334,1.1558581113815307,0.4285714285714286,0.5431034482758621,0.6542857142857144,5
33,0.897071076101727,0.6043422733077907,0.7347930552350443,0.8645382395382395,1.3699735403060913,0.4761904761904762,0.617816091954023,0.6814285714285715,5
34,0.9447608874903785,0.6104725415070243,0.7151913339758644,0.8715084518655949,1.1140139877796174,0.6190476190476191,0.5718390804597702,0.6628571428571428,5
35,0.8829841315746307,0.5389527458492975,0.7287659331858226,0.8803210678210679,1.168222999572754,0.5238095238095238,0.5258620689655172,0.6542857142857142,5
36,0.8595208045509126,0.6324393358876117,0.7312772340396649,0.8934369202226345,1.3386916100978852,0.5714285714285715,0.5991379310344828,0.6428571428571429,5
37,0.8636957897080315,0.6030651340996169,0.7714987714987716,0.88240182436611,3.5605963826179505,0.4761904761904762,0.6350574712643678,0.6885714285714286,5
38,1.1123311185174518,0.5765006385696041,0.7423948307926208,0.8887342815914244,2.550000029802322,0.4761904761904762,0.5632183908045978,0.6557142857142858,5
39,0.8580275985929701,0.6355044699872285,0.7435350971262573,0.8857452071737787,6.65397292971611,0.4761904761904762,0.6264367816091955,0.6828571428571428,5
40,0.8418919334808985,0.610727969348659,0.7533359577558473,0.8963100391671821,5.378582155704498,0.5714285714285714,0.5445402298850576,0.6900000000000001,5
41,0.8227287199762132,0.6275862068965518,0.7636798023538355,0.9026747062461349,105.82742493748665,0.38095238095238093,0.589080459770115,0.6914285714285715,5
42,0.902323356601927,0.6549169859514686,0.7678879281089226,0.8894300144300145,70.62410131692886,0.4285714285714286,0.5790229885057472,0.6871428571428572,5
43,0.8453664163748423,0.6298850574712643,0.7758290686467484,0.87708719851577,3.2595945417881014,0.5238095238095238,0.5431034482758621,0.6971428571428572,5
44,0.8158435751994451,0.584418901660281,0.7731005742055466,0.915494227994228,8.53906210064888,0.33333333333333337,0.5704022988505747,0.6542857142857142,5
45,0.8231055236525006,0.5905491698595147,0.7606051556327799,0.9114744382601525,15.055010783672333,0.4285714285714286,0.5646551724137931,0.6928571428571428,5
46,0.8263069593244129,0.5662835249042146,0.7755168528649191,0.904980931766646,46.32614344358444,0.4285714285714286,0.5445402298850575,0.6757142857142857,5
47,0.8170689129167132,0.6291187739463601,0.791195514952421,0.9039502164502166,22.37436133623123,0.4285714285714286,0.5747126436781609,0.6371428571428572,5
48,0.8881890796952777,0.6229885057471264,0.7735213867810553,0.9068684291898578,3.0827860713005064,0.4285714285714286,0.4755747126436782,0.6528571428571429,5
49,0.8050180262989468,0.5683269476372925,0.784340342351392,0.910237579880437,6.47112073302269,0.38095238095238093,0.55316091954023,0.7014285714285714,5
50,0.7669337239530352,0.6252873563218391,0.8025438798919461,0.9364692846835704,5.6803377866744995,0.4285714285714286,0.574712643678161,0.6757142857142857,5
