outer_fold,feature_index,feature,document_frequency,treated_count,control_count,raw_moment,standard_error,z_score,tail_score,source_sign_agreement,subsample_sign_agreement,subsample_top_pool_frequency,tail_sign_agreement,eligible,ranking_score,rank
1,1738,0.9 cm,335,189,146,0.00022473167639304893,5.1990439460520866e-05,4.3225577380183475,0.45182702,1.0,1.0,1.0,1.0,True,4.3225577380183475,1
1,20347,nsclc . ---,178,100,78,-0.00010753969285359562,2.746505716542648e-05,-3.9155095220034193,-0.33762488,1.0,1.0,1.0,1.0,True,3.9155095220034193,2
1,2071,10 mg daily.,264,136,128,-0.0001158503364197609,3.045266877973349e-05,-3.8042753250204555,-0.33118418,1.0,1.0,0.9666666666666667,1.0,True,3.709168441894944,3
1,29157,was negative,289,155,134,-0.00010969545428191653,2.892241983712619e-05,-3.7927481483104066,-0.38602766,1.0,1.0,0.9666666666666667,1.0,True,3.6979294446026465,4
1,22559,perilesional,118,63,55,0.0001928087134137592,5.270800439233575e-05,3.658053755527793,0.46865737,1.0,1.0,1.0,1.0,True,3.658053755527793,5
1,17896,mg daily. -,235,117,118,-0.00012042796785656222,3.2373831921980865e-05,-3.7199170041651826,-0.37073156,1.0,1.0,0.9333333333333333,1.0,True,3.533921153956923,6
1,21563,oral morphine,141,62,79,-0.00011577529112328845,3.183447764064204e-05,-3.6367894089608654,-0.316759,1.0,1.0,0.9333333333333333,1.0,True,3.454949938512822,7
1,26115,squamous nsclc. -,66,28,38,0.00011037589175399417,3.126892233813085e-05,3.5298911347320856,0.33581653,1.0,1.0,0.9666666666666667,1.0,True,3.4416438563637834,8
1,24869,reviewed potential benefits,75,35,40,-9.475506813704091e-05,2.7578801039164314e-05,-3.435793601124299,-0.3206084,1.0,1.0,0.9666666666666667,1.0,True,3.3498987610961914,9
1,25505,she reports persistent,83,47,36,0.00013336055245447752,3.817439717097868e-05,3.4934553611199446,0.4925963,1.0,1.0,0.9333333333333333,1.0,True,3.3187825930639474,10
1,3340,5 .,50,21,29,-0.0001267988682163656,3.64027248039912e-05,-3.4832246459326406,-0.32157424,1.0,1.0,0.9333333333333333,1.0,True,3.309063413636008,11
1,9994,denies nausea,79,43,36,-0.00010216008425224404,2.863504244712864e-05,-3.5676596059136654,-0.46726403,1.0,1.0,0.9,1.0,True,3.3000851354701406,12
1,17895,mg daily.,281,143,138,-0.00012013766518888136,3.389089037431004e-05,-3.544836499189412,-0.32377365,1.0,1.0,0.9,1.0,True,3.278973761750206,13
1,8628,cognitive function 60,136,63,73,0.00012998856864235322,3.733868361511432e-05,3.481337745654621,0.3370179,1.0,1.0,0.9,1.0,True,3.2202374147305246,14
1,3914,75 100,306,183,123,-9.477657970538312e-05,2.7965569832172717e-05,-3.389045182134938,-0.30320853,1.0,1.0,0.9333333333333333,1.0,True,3.2195929230281912,15
1,15441,is dominated,149,73,76,-9.353222902612701e-05,2.6195475056759446e-05,-3.570549067098979,-0.35782054,1.0,1.0,0.8666666666666667,1.0,True,3.213494160389081,16
1,15442,is dominated by,149,73,76,-9.353222902612701e-05,2.6195475056759446e-05,-3.570549067098979,-0.35782054,1.0,1.0,0.8666666666666667,1.0,True,3.213494160389081,17
1,10565,dizziness or,386,203,183,-0.00010910210917570741,3.059720072856637e-05,-3.565754597735039,-0.33875608,1.0,1.0,0.8666666666666667,1.0,True,3.209179137961535,18
1,16172,left occipital,33,17,16,0.0001556411992929298,4.765604319651281e-05,3.2659278625196206,0.32305643,1.0,1.0,0.9666666666666667,1.0,True,3.18427966595663,19
1,26713,surrounding edema. -,77,43,34,0.00012549316716500876,3.6978685280070154e-05,3.393662219587994,0.42085448,1.0,1.0,0.9,1.0,True,3.1391375531188945,20
1,742,- neurologic cranial,286,146,140,0.00012593742800740524,3.649271429692691e-05,3.4510293474665046,0.3467475,1.0,1.0,0.8666666666666667,1.0,True,3.105926412719854,21
1,19923,nodes >1,77,40,37,-9.030954603296505e-05,2.6235974539139717e-05,-3.442202838634342,-0.2633674,1.0,1.0,0.8666666666666667,1.0,True,3.097982554770908,22
1,1100,- specimens,82,46,36,-8.411718992448102e-05,2.5123233769245453e-05,-3.3481832274097165,-0.32157335,1.0,1.0,0.9,1.0,True,3.097069485353988,23
1,10383,discussion and,83,35,48,0.00011555861381099604,3.369436958725869e-05,3.4296119864101504,0.39203456,1.0,1.0,0.8666666666666667,1.0,True,3.0866507877691354,24
1,9995,denies nausea vomiting,76,42,34,-9.832947081034072e-05,2.881845333862232e-05,-3.412031508247535,-0.456065,1.0,1.0,0.8666666666666667,1.0,True,3.0708283574227817,25
1,26058,spouse in a,87,32,55,-7.805156153414424e-05,2.3542852314003597e-05,-3.315297589821695,-0.23661695,1.0,1.0,0.9,1.0,True,3.0666502705850682,26
1,1769,1 000,56,27,29,-9.902332210231657e-05,2.831250609451868e-05,-3.497511727564363,-0.25986585,1.0,1.0,0.8333333333333334,1.0,True,3.0603227616188176,27
1,27330,the lung. 2.,83,41,42,0.00010886458452153212,3.171198938157927e-05,3.432915646243529,0.3117924,1.0,1.0,0.8333333333333334,1.0,True,3.0038011904630877,28
1,7445,by a kras,108,56,52,-8.401040884169665e-05,2.5239046591473684e-05,-3.328588840993592,-0.27411172,1.0,1.0,0.8666666666666667,1.0,True,2.995729956894233,29
1,26057,spouse in,95,36,59,-7.87010810716793e-05,2.405302354147101e-05,-3.2719828730050033,-0.23510385,1.0,1.0,0.8666666666666667,1.0,True,2.944784585704503,30
1,10928,e.g. capmatinib,99,52,47,-0.00011366849090476814,3.377599207376126e-05,-3.3653635001019273,-0.26908293,1.0,1.0,0.8333333333333334,1.0,True,2.9446930625891863,31
1,27695,thorax -,209,107,102,-0.00010408168599005788,3.0157156035141967e-05,-3.451309727905777,-0.35969633,1.0,1.0,0.8,1.0,True,2.933613268719911,32
1,10296,diffusion-weighted imaging,378,208,170,0.00010169786068224612,3.033543199998915e-05,3.352444780818763,0.3390737,1.0,1.0,0.8333333333333334,1.0,True,2.9333891832164176,33
1,26316,status 2,241,101,140,0.0001619278949196145,4.737923124386693e-05,3.417697811223467,0.35924318,1.0,1.0,0.8,1.0,True,2.905043139539947,34
1,6073,and right,336,171,165,0.00014845815962492934,4.5092385398106354e-05,3.2923110701338905,0.32879677,1.0,1.0,0.8333333333333334,1.0,True,2.880772186367154,35
1,29794,with spouse in,88,34,54,-7.684861983926301e-05,2.3657967799550915e-05,-3.248318726713365,-0.21801065,1.0,1.0,0.8333333333333334,1.0,True,2.8422788858741943,36
1,4039,88,178,76,102,0.00011882623255293278,3.871646994182176e-05,3.0691391217094406,0.28487298,1.0,1.0,0.9,1.0,True,2.838953687581233,37
1,23462,profile is dominated,143,68,75,-8.812079544846769e-05,2.6400318268781597e-05,-3.3378686783738747,-0.36421525,1.0,1.0,0.8,1.0,True,2.8371883766177937,38
1,10715,dominated by a,125,63,62,-8.248296326534864e-05,2.551076955193549e-05,-3.233260490140357,-0.28665105,1.0,1.0,0.8333333333333334,1.0,True,2.8291029288728127,39
1,1758,000 mg m,49,21,28,-8.857396545839604e-05,2.6751379443676293e-05,-3.311005536925083,-0.25357467,1.0,1.0,0.8,1.0,True,2.814354706386321,40
1,1770,1 000 mg,50,22,28,-8.798848836695442e-05,2.6617629720030708e-05,-3.30564702013042,-0.25229457,1.0,1.0,0.8,1.0,True,2.809799967110857,41
1,11407,enhancing lesions left,48,18,30,0.0001038676845593806,3.241272690358882e-05,3.2045339742112255,0.38839704,1.0,1.0,0.8333333333333334,1.0,True,2.803967227434822,42
1,13226,glands and,363,186,177,-0.00010450071876701949,3.093205777814668e-05,-3.3783953048493474,-0.39544433,1.0,1.0,0.7666666666666667,1.0,True,2.787176126500712,43
1,16648,loss 20 100,104,57,47,-8.998196222090234e-05,2.6867744641906047e-05,-3.3490701739272914,-0.23384121,1.0,1.0,0.7666666666666667,1.0,True,2.762982893490016,44
1,22487,performance status 2,239,99,140,0.00015808400325675303,4.7562344690717364e-05,3.323721828364907,0.34494588,1.0,1.0,0.7666666666666667,1.0,True,2.7420705084010484,45
1,3847,7.5 k l,79,36,43,-9.445521798013945e-05,3.0329752020192182e-05,-3.1142759728881204,-0.3543866,1.0,1.0,0.8333333333333334,1.0,True,2.7249914762771055,46
1,21483,or recurrent,222,122,100,-0.0001263482648411259,3.941748123548357e-05,-3.205386566592371,-0.36404273,1.0,1.0,0.8,1.0,True,2.7245785816035157,47
1,16986,lung. 2.,86,43,43,0.00010390590572304678,3.1555224866864257e-05,3.292827294416053,0.28765643,1.0,1.0,0.7666666666666667,1.0,True,2.7165825178932437,48
1,24611,residual or,236,129,107,-0.0001438952614106546,4.2983255702006727e-05,-3.3477050321233968,-0.37342268,1.0,1.0,0.7333333333333333,1.0,True,2.678164025698717,49
1,13877,histology.,181,105,76,0.00011201476520865382,3.370162364367079e-05,3.3237201386198003,0.42878985,1.0,1.0,0.7333333333333333,1.0,True,2.65897611089584,50
